SN,RA,DEC,zHD,Host,RA_host,DEC_host,ML,sigma_ML,age,sigma_age,metallicity,sigma_metallicity,mass,sigma_mass,HA_HB,Halpha_EW,sigma_Halpha_EW,Hbeta_EW,sigma_Hbeta_EW,Hgamma_EW,sigma_Hgamma_EW,OI_EW,sigma_OI_EW,OII_EW,sigma_OII_EW,OIII_EW,sigma_OIII_EW,SII_EW,sigma_SII_EW,NeIII_EW,sigma_NeIII_EW,HeI_EW,sigma_HeI_EW,NII_EW,sigma_NII_EW,W1_W2,W1_W2err,W2_W3,W2_W3err,W1_W3,W1_W3err,W3_W4,W3_W4err,LogL_w3,eLogL_w3,LogL_w4,eLogL_w4,LogSmass,esmass,Lw3Den,Lw4Den,LSFRmirc,eSFRmirc,SSFRmircor,eSSFRmircor,c,cERR,x1,x1ERR,mu_res_x1,mu_res_x1_c,mu_res_full,mu_err_x1,mu_err_x1_c,mu_err_full,mu_res_OIIcorr,sigma_mu_res_OIIcorr,mu_res_OIImasscorr,sigma_mu_res_OIImasscorr
SN2016coj,12:08:06.72,65:10:37.92,0.0057,NGC4125,12:08:05.88,65:10:27.59,,,,,,,,,,,,,,,,,,,,,,,,,,,,,,,,,,,,,,,,,,,,,,,,,,-0.006916,0.034309,-1.47692,0.085215,0.0009447648728873,0.0223152048728856,0.0435152048728859,0.4809322446197592,0.4821544683978361,0.4821586164282455,,,,
2018gv,8:05:34.56,-11:26:16.44,0.00602,NGC2525,8:05:38.04,-11:25:37.31,,,,,,,,,,,,,,,,,,,,,,,,,,,,,,,,,,,,,,,,,,,,,,,,,,-0.112311,0.031402,0.12088,0.053583,-0.3710542964028924,-0.0240133064028924,-0.0639133064028918,0.3467185383448656,0.3481376601805671,0.348160638837879,,,,
2019np,10:29:22.08,29:30:38.16,0.00648,NGC3254,10:29:19.94,29:29:30.59,,,,,,,,,,,,,,,,,,,,,,,,,,,,,,,,,,,,,,,,,,,,,,,,,,-0.025372,0.029598,0.11384,0.074387,0.2002471026447665,0.2786465826447681,0.2990465826447703,0.3186342370885464,0.3200059665834373,0.3200200285122792,,,,
2017erp,15:09:14.88,-11:20:03.12,0.00677,NGC5861,15:09:16.09,-11:19:18.01,,,,,,,,,,,,,,,,,,,,,,,,,,,,,,,,,,,,,,,,,,,,,,,,,,0.071172,0.039678,0.47218,0.19972,0.1164287420060787,-0.1034927379939176,-0.0573927379939149,0.3669833190759493,0.3691220667529916,0.3691559293361005,,,,
ASASSN-15so,11:14:11.04,48:19:07.32,0.00857,NGC3583,11:14:10.89,48:19:07.01,,,,,,,,,,,,,,,,,,,,,,,,,,,,,,,,,,,,,,,,,,,,,,,,,,-0.055198,0.032438,-0.714413,0.078954,-0.1601341973406462,0.0104276226593569,0.0075276226593601,0.2628396278189421,0.2648337097047881,0.2648412615058311,,,,
PSNJ0717457,7:17:45.60,23:20:40.56,0.00861,NGC2357,7:17:40.98,23:21:24.28,,,,,,,,,,,,,,,,,,,,,,,,,,,,,,0.13,0.035,3.19,0.043,3.32,0.043,1.685,0.054,9.1211,0.0144,8.9485,0.0168,10.261,0.082,6.502,6.33,0.1017,0.1052,-10.16,0.133,0.028562,0.034936,-0.210958,0.19984,0.106207781336387,0.0179512013363876,-0.0330487986636143,0.3798910255125804,0.3814940567833266,0.381526821286525,,,,
ASASSN-16jf,22:36:59.28,-25:13:55.20,0.01096,UGCA430,22:37:03.00,-25:14:11.08,0.365747293,0.0484416613267634,8.634328067,0.1033723096681123,-0.231909119,0.0112428323906814,9.117,0.013,3.287517538,16.09502477,0.86837359,7.4487856,1.72512318,7.2782287,6.7158713400000005,8.73300107,30.192646980000003,14.4900256,2.49101211,7.40401919,1.87624743,9.61661695,2.9563406,5.8414209900000005,1.79777669,0.005052979229497,0.168696045849525,10.61930449,2.92823956,-0.06,0.073,2.967,0.152,2.907,0.138,-0.781,99.0,8.0733,0.0553,6.774,99.0,9.527,0.088,5.433,0.0,-0.2634,0.1469,-9.791,0.171,-0.031719,0.042517,-1.97973,0.15325,0.2258038870760117,0.3238155970760132,0.2877155970760157,0.3096025515317985,0.3125082962162764,0.3125338944882618,0.2091950372226285,0.3325239343154444,0.1133322393089148,0.3312375878839546
AT2017cfd,8:40:48.96,73:29:15.00,0.01304,IC0511,8:40:50.46,73:29:12.35,,,,,,,,,,,,,,,,,,,,,,,,,,,,,,,,,,,,,,,,,,,,,,,,,,0.050626,0.034477,-0.52942,0.093523,0.0301638188442012,-0.1262705211557957,-0.0886705211557981,0.2879978571031389,0.2900541832571977,0.2900610784386626,,,,
ASASSN-16dn,10:48:49.44,-20:15:50.04,0.01411,GAJ104848.62-201544.1,10:48:48.74,-20:15:47.48,,,,,,,,,,,,,,,,,,,,,,,,,,,,,,0.345,0.116,1.546,99.0,2.14,99.0,3.154,99.0,6.8152,99.0,7.3233,99.0,8.34,0.141,0.0,0.0,0.0,99.0,0.0,0.0,-0.093154,0.031125,0.47579,0.075765,-0.2558831987426089,0.0319626612573884,-0.0162373387426129,0.245980843626084,0.2479422131384649,0.247950279402948,,,,
ASASSN-16la,2:29:17.42,18:05:16.44,0.01424,2MiJ0229172+180515,2:29:17.20,18:05:16.10,0.496046083,0.0290193824965717,8.997039123,0.0382100763453778,-0.311643367,0.0736284765341742,9.038,0.001,3.634182397,16.66396236,0.17269594,3.59215328,0.21242809,2.17713931,0.23206838,0.34994518,0.15299316,19.91259144,1.86615117,2.91200341,0.17473988,2.75966821,0.12212922,5.36e-09,-0.04777473,0.21670656,0.09973646,2.99239305,0.18384298,-0.04,0.045,3.526,0.109,3.486,0.108,1.912,0.365,7.8724,0.0425,7.7894,0.1432,9.054,0.084,5.816,5.733,-0.6735,0.1186,-9.728,0.145,-0.102335,0.04358,0.83157,0.13455,-0.2750761137597948,0.0411390362402031,-0.012560963759796,0.2590809374384769,0.2627206663816153,0.2627282789194951,-0.1515664717091816,0.2979270130582218,-0.2829237368948969,0.2944620592904379
PSNJ2043531,20:43:53.28,12:30:30.60,0.01492,NGC6956,20:43:53.71,12:30:42.91,1.005681901,0.017463742036977,9.759263094,0.0068602267612336,-0.259846845,0.0031834654595293,11.145,0.001,4.632725943,12.62474741,0.57470262,7.37234887,2.30610774,6.494407949999999,47.21964675,8.415780080000001,35.93990811,7.08466144,15.61948693,6.85392904,6.3510839500000005,9.77408789,2.20909585,5.05311208,9.91330299,7.78738178,4.74297836,10.83788272,0.8888982,0.088,0.035,3.561,0.037,3.649,0.036,2.0,0.04,9.7882,0.011,9.7436,0.0124,10.802,0.082,6.697,6.652,0.7517,0.1143,-10.05,0.141,0.093402,0.043301,-2.55527,0.14723,0.599065804435206,0.3104536244352047,0.2308536244352055,0.3680875616412486,0.3706257271642107,0.3707120575810828,0.0,0.0,0.0,0.0
SN2017jl,0:57:31.90,30:11:06.72,0.01525,2MXJ00573150+3011098,0:57:31.51,30:11:09.43,,,,,,,,,,,,,,,,,,,,,,,,,,,,,,,,,,,,,,,,,,,,,,,,,,-0.002342,0.034183,0.60274,0.12175,-0.206517429067766,-0.1992806490677665,-0.2367806490677679,0.2978064586858385,0.2997618460111293,0.2997685179000623,,,,
ASASSN-16ad,1:39:32.06,33:49:36.48,0.01529,KUG0136+335,1:39:31.18,33:49:27.86,,,,,,,,,,,,,,,,,,,,,,,,,,,,,,,,,,,,,,,,,,,,,,,,,,0.013618,0.03263,0.10511,0.073274,0.1047466382489687,0.0626670182489661,0.0202670182489654,0.3406162255750598,0.3421755836189952,0.342181428521479,,,,
ATLAS16cxr,18:08:06.48,25:24:31.68,0.01542,WJ180806.45+252431.8,18:08:06.46,25:24:31.82,0.175468522,0.0495571938193785,7.883764878,0.3811218505822585,-1.499850668,0.0208026037491169,8.271,0.002,3.135037828,17.13892217,1.16223778,7.51308008,1.37922423,5.42725151,1.3171687100000002,9.03527795,6.14728895,17.1211286,21.80647655,10.15134381,0.99205412,10.48139573,2.9284389,6.67394914,1.67569529,8.18527851,4.13963832,9.37484163,5.0745439800000005,-0.085,0.043,2.995,0.512,2.911,0.512,2.995,99.0,6.8895,0.2095,7.2747,99.0,8.396,0.109,5.669,0.0,-1.4547,0.2351,-9.851,0.259,0.04603,0.03762,-0.04908,0.092512,0.51690690030442,0.374674200304419,0.3108742003044185,0.3690027640560433,0.3709154947976695,0.370927626742738,0.0,0.0,0.0,0.0
iPTF16auf,14:31:09.12,27:14:09.60,0.01543,MRK0685,14:31:08.99,27:14:14.25,0.379963011,0.0090857977795663,9.151385297,0.020164768685108,-1.368612881,0.0232208192398574,9.067,0.017,2.351206263,39.209261350000006,0.1759834,7.60582448,0.0852640799999999,2.94997502,0.05673218,1.34941698,0.11904252,20.8981335,0.20880004,17.3924821,0.10728095,5.99142893,0.15294858,1.92407422,0.11683838,1.41073884,0.07964745,5.3229514,0.21055073,0.212,0.036,3.958,0.041,4.17,0.041,3.387,0.042,8.8312,0.0133,9.3266,0.0113,9.51,0.082,6.34,6.835,0.0453,0.1096,-9.465,0.137,0.048315,0.031022,0.046602,0.085019,0.2570437612973109,0.1077504112973102,0.0412504112973124,0.3109800320277814,0.3125235108019875,0.3125379093870054,-0.0991469023160744,0.3439441311847394,-0.2465564562997884,0.340124098816605
ASASSN-15oh,22:30:42.00,39:17:35.52,0.01587,MCG+06-49-027,22:30:41.10,39:17:30.72,,,,,,,,,,,,,,,,,,,,,,,,,,,,,,,,,,,,,,,,,,,,,,,,,,0.027876,0.047496,-1.58413,0.17332,0.3467272870861961,0.2605904470861944,0.2966904470861919,0.2633813776332716,0.2676296323279618,0.267631500574951,,,,
SN2016gfr,18:19:35.52,23:47:10.32,0.01671,2MXJ18193566+2347137,18:19:35.67,23:47:13.74,1.105280897,0.0442308978043297,9.729468172,0.0125780428036626,-0.218609576,0.0093979490527867,9.784,0.006,-2.53e-06,-0.16834416,-0.69717436,-0.11161582,1.45e-06,0.25924955,2.59060093,0.0545330599999999,-0.25002393,2.46689128,7.7758758,0.10404821,0.0622187899999999,0.05501276,0.30818803,-0.01147128,0.05772958,0.28960241,-4.31398589,-0.03536883,0.06776941,-0.001,0.04,0.281,0.203,0.274,0.202,1.728,99.0,5.6018,99.0,7.0812,99.0,9.896,0.083,0.0,0.0,0.0,99.0,0.0,0.0,-0.02286,0.037602,0.12662,0.11111,-0.3557891062903167,-0.2851517062903141,-0.3097517062903137,0.2394584991851406,0.2423928283510054,0.2423948911095281,0.0,0.0,0.0,0.0
ASASSN-16ip,2:27:21.77,-23:55:43.32,0.01678,ESO479-G007,2:27:21.81,-23:55:43.54,3.051837703,0.0883127463697111,9.836292021,0.0123357970366567,-0.109586528,0.0077346167705363,9.953,0.006,25.241921,0.32389626,0.11775961,0.00865557,0.10870217,0.04049676,0.12848373,-1.2e-14,2.26397174,1.6627337,1.21134613,0.20024265,0.1322325899999999,0.08923997,0.11840663,0.28381995,0.5758168,0.03591098,0.07492989,0.36259779,0.171603,-0.041,0.035,0.866,0.083,0.825,0.083,1.353,99.0,7.0864,0.0493,7.5537,99.0,10.007,0.082,4.61,0.0,-1.6676,0.1353,-11.675,0.158,-0.020215,0.033544,-0.877386,0.10684,-0.0940055573527516,-0.0315412073527525,-0.0495412073527532,0.2411698159554798,0.2434914373525278,0.2434996510551914,0.0385512361538627,0.2509596974988768,0.0031185015101459,0.2502722248308613
PSNJ0107203,1:07:20.30,32:23:58.92,0.01682,NGC0383,1:07:24.96,32:24:45.21,,,,,,,,,,,,,,,,,,,,,,,,,,,,,,,,,,,,,,,,,,,,,,,,,,-0.099458,0.041404,-1.98709,0.19122,-0.5215005786533524,-0.2141753586533497,-0.2553753586533531,0.2787739373757884,0.2818318636634261,0.2818336377652604,,,,
ASASSN-15ti,3:05:08.59,37:54:00.00,0.01692,2MXJ03051061+3754003,3:05:10.61,37:54:00.00,,,,,,,,,,,,,,,,,,,,,,,,,,,,,,,,,,,,,,,,,,,,,,,,,,-0.042266,0.041071,-1.47904,0.10914,0.1504909408579209,0.2810928808579191,0.2536928808579191,0.3051990760192435,0.3079501632472372,0.3079566577361172,,,,
ASASSN-15od,2:23:13.18,-4:31:01.92,0.01698,MCG-01-07-004,2:23:13.24,-4:31:01.00,0.341931647,0.0043842426165546,8.865690724,0.0076137403118456,-0.632107125,0.0105744455529518,9.899,0.001,3.256180974,17.98382445,0.1594567699999999,8.32773186,0.38306421,6.6204041700000005,1.53401719,8.64719272,2.40395706,9.72479122,0.4220587,7.55560582,0.81214733,1.568115170862364,0.075566448449933,0.174539466809287,0.1132188029797909,8.37093939,1.70989461,11.53017525,0.38846501,0.087,0.035,3.547,0.044,3.634,0.044,1.971,0.078,8.86,0.0149,8.8536,0.0285,9.864,0.082,6.276,6.27,0.0078,0.1095,-9.856,0.137,-0.101117,0.035272,-1.11648,0.12954,-0.1604412281816891,0.1520103018183078,0.0974103018183072,0.2223832777908446,0.2251631324728806,0.2251720147465044,0.1060091170369302,0.2403489279163769,0.0073715925772134,0.2384081345615417
ASASSN-15kx,22:16:11.76,37:28:25.68,0.0172,MCG+06-49-001,22:16:11.89,37:28:28.51,,,,,,,,,,,,,,,,,,,,,,,,,,,,,,,,,,,,,,,,,,,,,,,,,,-0.09556,0.042094,-1.45347,0.14555,0.0770243798909078,0.3723047798909107,0.3366047798909122,0.2123382152698849,0.216470373261562,0.2164726830341417,,,,
ASASSN-17co,18:09:20.64,18:17:53.88,0.01826,UGC11128,18:09:20.58,18:17:52.00,1.695980619,0.0242921255290323,9.951329792,0.0044491223053568,-0.255896645,0.0018695147386278,11.011,0.001,4.550524236,0.66080527,0.2345315,0.1376341,0.29220353,-0.04202726,-0.19004018,-0.09974575,1.7907995099999998,1.03193308,10.88525445,0.24854032,0.34072921,1.30200494,-3.55e-07,-0.65947899,-4.62340577,0.1967476799999999,-0.7911511,0.54138992,0.21387177,-0.008,0.035,1.096,0.182,1.088,0.182,1.833,0.222,7.9917,0.076,8.2108,0.0534,10.551,0.082,5.31,5.529,-0.8671,0.1097,-11.418,0.137,0.10393,0.038877,-0.582812,0.15128,0.0611938435615613,-0.259949856438439,-0.2028498564384406,0.2752182363634358,0.2779505329298722,0.2779577283617061,0.0,0.0,0.0,0.0
PS15coh,2:15:58.44,12:14:13.92,0.01839,GAJ021558.44+121415.2,2:15:58.44,12:14:14.17,0.178581467,0.6322986206590189,8.112483187,0.6291522621511492,-1.463095561,0.434755326452394,8.63,0.002,3.237619278,40.697988460000005,0.47771404,12.99231133,0.90140524,8.51047699,1.86613754,9.9933174,9.9458685,49.28443009,1.50025175,20.37881398,0.75640198,11.88315943,1.16010794,6.60356576,1.12654166,10.01296814,4.18961119,11.08444991,3.43567176,0.108,0.05,3.042,0.34,3.15,0.341,2.143,99.0,7.3278,0.1394,7.3575,99.0,8.551,0.112,5.681,0.0,-1.0752,0.1859,-9.627,0.217,-0.036481,0.038789,1.34214,0.098652,-0.0719883734935038,0.0407379165064938,0.0203379165064916,0.2202738000761779,0.2236629909506711,0.2236652264456859,0.0,0.0,0.0,0.0
ATLAS16cpu,15:11:49.44,46:15:03.60,0.01865,CGCG249-011,15:11:48.38,46:15:13.90,,,,,,,,,,,,,,,,,,,,,,,,,,,,,,,,,,,,,,,,,,,,,,,,,,0.037895,0.036142,-0.957574,0.16126,0.197833159940501,0.080737609940499,0.1217376099404958,0.234157615703611,0.2369304394880489,0.2369325498026812,,,,
ASASSN-16cs,6:50:36.72,31:06:44.64,0.01905,KUG0647+311,6:50:36.86,31:07:00.54,,,,,,,,,,,,,,,,,,,,,,,,,,,,,,,,,,,,,,,,,,,,,,,,,,0.033984,0.03809,0.28962,0.11906,0.0833296564186412,-0.0216809035813554,-0.0679809035813576,0.276183279329144,0.2787975105358726,0.2788046841087861,,,,
2016W,2:30:39.72,42:14:09.60,0.01995,NGC0946,2:30:38.50,42:13:56.16,,,,,,,,,,,,,,,,,,,,,,,,,,,,,,,,,,,,,,,,,,,,,,,,,,0.046849,0.036704,-1.42495,0.10741,-0.044090728748408,-0.188854138748411,-0.2334541387484137,0.2909281294134343,0.2932343092136389,0.2932496549017577,,,,
ATLAS16dqf,21:09:07.92,-18:06:14.04,0.02034,WJ210907.40-180607.8,21:09:07.40,-18:06:07.85,0.211534844,0.0131953360323387,8.450753164,0.0608309455529001,-1.509183304,0.0948376842309367,6.768,0.03,2.760761258,24.47681409,1.64818184,10.30353091,2.21458356,6.84890435,6.76043552,7.53689986,6.73198084,14.49389504,-4.4999999999999997e+182,12.06661317,1.26044649,12.44371695,11.380270370000002,-2.692595833067796e-09,3.938861239164551e-07,7.41132412,3.2866182,11.14623608,5.45356705,-0.095,0.132,2.676,99.0,2.723,99.0,2.891,99.0,7.2123,99.0,7.565,99.0,8.784,0.149,0.0,0.0,0.0,99.0,0.0,0.0,0.12111,0.059385,0.80402,0.20183,0.4075148786545668,0.0332849786545637,-0.0660150213454358,0.3691093252357626,0.3738559511376005,0.3738773491413995,0.0,0.0,0.0,0.0
ASASSN-15lg,13:15:32.88,3:30:02.52,0.02044,CGCG044-042,13:15:32.71,3:30:02.78,0.371069423,0.0070777818475071,8.822633781,0.0078109987139421,-0.491675141,0.0102306517776547,9.836,0.013,3.691618384,19.91827575,0.36337129,8.96789384,0.64194745,7.51403191,2.13555664,8.58991266,1.64989084,11.233228230000002,1.62111276,7.28509677,2.36697717,0.748869032868338,-1.4168593168772164e-07,5.36363566,7.12908191,8.20731227,1.13920133,12.72342011,0.52272566,0.049,0.04,3.12,0.056,3.168,0.054,1.324,0.17,8.7465,0.0195,8.3832,0.0675,9.973,0.083,6.292,5.928,-0.2868,0.1068,-10.26,0.135,-0.082581,0.041039,-1.2315,0.1417,-0.209099105540865,0.0460761844591317,0.0034761844591315,0.2071382375975039,0.211164506951334,0.2111668747602237,-0.021646493266253,0.2311263277681051,-0.1132618598589693,0.2293369798221707
PSNJ1602512,16:02:51.36,47:13:29.28,0.02052,UGC10156,16:02:49.99,47:13:28.25,,,,,,,,,,,,,,,,,,,,,,,,,,,,,,,,,,,,,,,,,,,,,,,,,,0.097168,0.032136,0.34806,0.10388,0.2816157329324795,-0.018633387067517,-0.1043333870675198,0.3301390216317968,0.3316994062400474,0.3317129724626397,,,,
ASASSN-17bs,17:52:06.24,21:33:57.60,0.02056,IC1269,17:52:05.89,21:34:08.89,,,,,,,,,,,,,,,,,,,,,,,,,,,,,,0.083,0.035,3.608,0.088,3.691,0.088,1.757,0.095,9.6488,0.0347,9.5114,0.018,10.657,0.082,6.361,6.223,0.5852,0.1091,-10.072,0.137,0.063357,0.037272,-1.01194,0.15497,0.0474473559309274,-0.1483257740690717,-0.0999257740690708,0.2437306702407393,0.2465640719975236,0.2465660998596522,0.0,0.0,0.0,0.0
AT2016eoa,0:21:23.06,22:26:07.44,0.02106,NGC0083,0:21:22.41,22:26:00.96,,,,,,,,,,,,,,,,,,,,,,,,,,,,,,-0.009,0.039,1.027,0.073,1.018,0.071,1.669,0.093,8.7645,0.0307,8.7554,0.0268,11.227,0.083,4.948,4.939,-0.1494,0.1051,-11.377,0.134,0.007093,0.040895,-1.57505,0.16289,-0.0582795839685985,-0.0801969539685956,-0.0482969539685953,0.2237975097694342,0.2275032448208157,0.2275054425810512,0.0,0.0,0.0,0.0
ASASSN-16lg,17:48:12.24,17:37:32.16,0.02116,ARK530,17:48:12.28,17:37:30.92,1.835143071,0.0218003239325773,9.942117231,0.0021936930600908,-0.164354393,0.0012944310262432,10.641,0.001,290785000000000.0,0.0303657,0.1630822599999999,-5.680000000000002e-16,-1.02963789,0.05176289,-0.20904033,-4.68e-15,-0.13833951,2.28e-17,-1.90659425,0.01894718,0.17089881,0.74886903,-1.42e-07,-2.74e-17,-0.97870895,0.05997589,0.09815665,6.47e-05,-1.53e-07,-0.04,0.034,0.94,0.254,0.9,0.254,0.9,0.432,7.9123,0.1083,7.7382,0.1449,10.731,0.082,5.035,4.861,-0.9714,0.1289,-11.703,0.153,-0.041446,0.03894,-1.33321,0.17568,-0.4894104843465783,-0.3613423443465748,-0.3530423443465764,0.19562906275909,0.1994669240651191,0.1994669240651191,0.0,0.0,0.0,0.0
SN2016ajf,3:19:54.50,41:33:54.00,0.02134,NGC1278,3:19:54.13,41:33:48.47,,,,,,,,,,,,,,,,,,,,,,,,,,,,,,,,,,,,,,,,,,,,,,,,,,0.20266,0.050455,-2.93112,0.17108,0.5616973231196454,-0.0645220768803511,0.0159779231196495,0.3324943151153114,0.3363007234737981,0.3378197398154821,,,,
ASASSN-15uv,8:27:08.16,27:48:41.76,0.02153,2MXJ08270817+2748382,8:27:08.18,27:48:37.68,,,,,,,,,,,,,,,,,,,,,,,,,,,,,,0.046,0.036,2.923,0.059,2.969,0.059,1.68,0.284,8.5511,0.0221,8.3962,0.1152,9.918,0.082,6.057,5.902,-0.3939,0.1117,-10.312,0.139,0.27395,0.032925,0.26468,0.12635,0.8250335719715522,-0.0214719280284469,-0.1548719280284487,0.3897904118766905,0.3911785024972615,0.3914659893477338,,,,
ATLAS16dpb,2:57:34.06,5:58:41.52,0.02215,CGCG415-040,2:57:33.67,5:58:37.07,4.724290564,0.0033150857217369,10.09843714,0.0003910049257408,-0.299806078,0.0002283509783211,11.03,0.0,1.163670442,0.41560693,0.83734826,0.3559013199999999,1.29390726,-0.0832078699999999,-1.23174224,-0.08588247,-1.47e-06,0.17346679,-10.26233086,0.27809758,7.1577693600000005,0.40542563,-0.24826052,-1.5547703299999998,67.38578738,-0.01562297,0.40956252,0.16597963,7.00072827,-0.027,0.035,1.196,0.042,1.169,0.041,1.833,0.163,8.254,0.0197,8.4281,0.0659,10.75,0.082,5.245,5.419,-0.6509,0.1052,-11.401,0.133,0.098219,0.049178,-2.54831,0.2206,0.4617921295238361,0.1582954195238386,0.2191954195238352,0.2818079883040933,0.2860668068056831,0.2860947709343881,0.0,0.0,0.0,0.0
ASASSN-17aj,11:33:10.56,-10:13:18.48,0.02255,MCG-02-30-003,11:33:10.58,-10:13:43.74,,,,,,,,,,,,,,,,,,,,,,,,,,,,,,0.089,0.035,3.45,0.039,3.539,0.039,1.991,0.072,9.3564,0.0125,9.3208,0.0272,10.418,0.082,6.383,6.348,0.3667,0.107,-10.051,0.135,0.00592,0.033153,0.1408,0.13185,-0.0901103073708924,-0.1084031073708899,-0.1378031073708925,0.2378230468962165,0.2401227249637151,0.2401248072232437,,,,
AT2017cfb,13:54:06.72,9:24:46.08,0.02266,CGCG073-094,13:54:08.77,9:24:45.86,0.640093389,0.2087872195038571,9.205903539,0.2825344768773321,-0.348631703,0.1307612493740501,9.793,0.013,3.641064659,6.57252238,0.2286194799999999,2.41887348,0.46795701,0.31127801,0.09174976,0.25877673,0.06007187,18.89559831,10.34069201,-0.3276921499999999,0.38084761,0.10741331,0.01806839,-1.50092047,-2.81351494,0.1691089399999999,0.03389965,2.3563846,0.25721788,0.059,0.039,2.876,0.137,2.935,0.136,0.152,99.0,8.367,0.0552,7.5544,99.0,9.746,0.083,5.516,0.0,-0.0572,0.1487,-9.804,0.17,-0.076928,0.033144,0.9422,0.1487,-0.2381518305237548,-0.0004443105237541,-0.0353443105237545,0.2146705191869624,0.2172140799856215,0.2172163818499884,0.0,0.0,0.0,0.0
ASASSN-15il,15:57:08.16,-12:40:23.88,0.02295,2MXJ15570808-1240252,15:57:08.11,-12:40:25.22,2.240285345,0.0733406449097513,9.837630636,0.0148593746677384,-0.557889184,0.0101707333979796,10.134,0.002,8.369197106,0.4282871,0.11607654,-0.31711032,-1.22324949,-0.3714841299999999,-0.10797179,-0.02955671,-0.10442667,2.24393246,5.65519545,0.1867307799999999,0.36574403,0.48846747,0.03520464,0.91842547,-6.0407402,-0.05717322,-0.0599168199999999,0.26409767,0.1205895199999999,0.017,0.036,1.341,0.229,1.357,0.228,1.549,99.0,7.8372,0.0944,8.0742,99.0,10.139,0.082,5.386,0.0,-1.0052,0.1591,-11.144,0.179,-0.11218,0.04066,1.24762,0.12464,-0.3404540934140243,0.0061821065859746,-0.048817893414025,0.1933832125599324,0.1976114938458793,0.1976140240468778,0.0,0.0,0.0,0.0
PS15cku,1:24:22.54,3:35:15.36,0.02325,2MXJ01242239+0335168,1:24:22.40,3:35:16.85,0.854771115,0.047411389599102,9.379357497,0.0310641758363565,-1.181036523,0.0491286774621915,9.576,0.011,3.512733816,22.61371087,0.15849506,2.8835616952556533,0.0750582954091809,6.83234828,0.64786119,8.62204785,1.4581819400000002,13.32872878,0.438361,9.29509951,0.29225787,2.1727973185775,0.08573943143255,0.230601768734696,0.105179847348329,8.243614860000001,1.1509824,12.1578623,0.39965713,0.08,0.048,3.612,0.061,3.691,0.051,2.195,0.136,8.5009,0.0184,8.5366,0.0532,9.502,0.084,6.288,6.323,-0.4118,0.1096,-9.914,0.138,-0.010924,0.034209,0.75555,0.14045,0.1074503087792777,0.1412054687792761,0.1178054687792737,0.2239060437304004,0.2265042430066156,0.2265064504600255,0.0433075831338913,0.2483361303218671,-0.0360229352738272,0.2456373419074459
ASASSN-15nr,17:26:41.76,13:54:35.28,0.02344,CGCG082-031,17:26:41.51,13:54:35.07,0.373757229,0.0022696750768828,9.032803344,0.0069946793487303,-0.188628424,0.0034749032907843,10.44,0.013,3.900386747,10.88734358,0.15529593,2.3980454300000003,0.21408084,1.35729307,0.25805121,0.25788855,0.12824632,7.13469272,2.16196604,0.77000073,0.18335183,2.11218744,0.17248258,9.83e-09,-5.54e-07,0.3724355499999999,0.0999646,4.5582966,0.17576665,0.09,0.035,3.389,0.097,3.478,0.096,2.383,0.105,9.1587,0.0386,9.2427,0.0199,10.232,0.082,6.426,6.51,0.115,0.1076,-10.117,0.135,0.028589,0.039662,1.20679,0.19025,0.0047713148496484,-0.0835686951503547,-0.1207686951503532,0.257953123611636,0.2609844597385062,0.2609921229175317,-0.0922724615317393,0.2727291150519461,-0.164962660941454,0.2722891066319334
ATLAS17bas,11:07:35.52,22:51:05.04,0.02357,SDSSJ110735.45+225104.1,11:07:35.76,22:51:08.37,,,,,,,,,,,,,,,,,,,,,,,,,,,,,,0.171,0.035,3.736,0.042,3.907,0.042,2.393,0.048,9.5822,0.014,9.6902,0.0143,10.413,0.082,6.624,6.732,0.4995,0.108,-9.914,0.136,0.027298,0.033387,0.80072,0.12208,-0.2713335896808075,-0.3556844096808049,-0.3945844096808031,0.2567818335318914,0.2589432405006935,0.2589451714185843,,,,
ASASSN-15tz,2:41:08.88,43:40:48.72,0.02365,UGC02164,2:41:09.34,43:40:57.71,,,,,,,,,,,,,,,,,,,,,,,,,,,,,,,,,,,,,,,,,,,,,,,,,,0.11405,0.045533,-1.51814,0.1542,0.2687456275960613,-0.0836688724039405,-0.0192688724039413,0.2675113237734059,0.271358733848756,0.2713661040660753,,,,
ASASSN-15jt,13:08:09.12,27:49:35.04,0.0239,2MXJ13080914+2749354,13:08:09.11,27:49:35.80,,,,,,,,,,,,,,,,,,,,,,,,,,,,,,-0.105,0.038,0.03,0.223,-0.074,0.222,2.174,99.0,5.9664,99.0,7.4023,99.0,10.239,0.082,0.0,0.0,0.0,99.0,0.0,0.0,0.21149,0.039406,-2.32675,0.14299,0.611505765019885,-0.0419983349801142,-0.1077983349801172,0.3992885773635404,0.4012283649606543,0.4018870498647598,,,,
ASASSN-16em,13:32:13.68,84:40:41.88,0.0239,GAJ133213.24+844042.7,13:32:13.24,84:40:42.70,,,,,,,,,,,,,,,,,,,,,,,,,,,,,,,,,,,,,,,,,,,,,,,,,,0.044848,0.038546,0.43976,0.13077,0.1848819850198921,0.0463016650198895,-0.0027983349801132,0.2720177241284104,0.2747352113508569,0.2747424909911097,,,,
AT2016bln,13:34:45.36,13:51:14.04,0.02429,NGC5221,13:34:55.90,13:49:57.00,,,,,,,,,,,,,,,,,,,,,,,,,,,,,,0.112,0.036,2.359,0.048,2.471,0.047,1.902,0.094,9.4083,0.0168,9.381,0.0351,10.989,0.082,6.06,6.033,0.4164,0.1078,-10.573,0.136,-0.005445,0.032638,1.12918,0.12003,-0.0109884238039654,0.0058366261960358,0.0445366261960344,0.1888461798316291,0.1916458157148232,0.1916484246765415,,,,
ASASSN-15sf,0:11:27.60,-6:25:38.28,0.02432,GAJ001127.51-062549.8,0:11:27.44,-6:25:49.48,0.619315205,0.3822783917716436,9.53353304,0.1692232511742281,-0.325371761,0.08456197957296,9.365,0.034,4.749552878,4.4227675500000005,1.31886042,0.66623339,1.0329121,1.47271201,1.2854036299999998,0.07726407,0.7312547599999999,1.97765776,2.91184407,0.90370251,1.07587705,0.9251658,0.6342713499999999,-1.8e-09,2.23452268,0.88399829,0.5924387799999999,1.39992261,0.58126392,-0.068,0.072,1.993,99.0,1.926,99.0,3.059,99.0,7.2188,99.0,7.6978,99.0,9.116,0.12,0.0,0.0,0.0,99.0,0.0,0.0,-0.069691,0.032833,0.87267,0.13555,0.0091637129717412,0.2245089029717419,0.1964089029717399,0.2297483767320239,0.232082576898827,0.2320847312944132,0.0,0.0,0.0,0.0
PS16ccn,18:12:29.28,31:16:47.64,0.02457,nan,,,,,,,,,,,,,,,,,,,,,,,,,,,,,,,,,,,,,,,,,,,,,,,,,,,,-0.125246,0.035357,0.37785,0.11105,-0.1971044521333809,0.1899056878666201,0.1205056878666184,0.1818085893900506,0.1852146879299803,0.1852173874802255,,,,
ASASSN-16hz,23:15:45.60,-1:20:22.56,0.02466,2MXJ23154564-0120135,23:15:45.65,-1:20:13.54,0.36429157,0.0047614458595054,8.854468771,0.0075764393641991,-0.521696017,0.0103883768890737,10.142,0.002,3.77050249,7.58014227,0.12160822,1.55274927,0.14781131,0.4914509,0.14300865,0.1821518999999999,0.10041316,2.82443977,0.75099282,0.42118506,0.1244574199999999,1.14605035,0.15012177,0.30630919,0.29673363,0.17212685,0.07630743,2.77605343,0.12847838,0.084,0.035,3.524,0.054,3.607,0.054,2.123,0.094,9.0885,0.0199,9.0642,0.0335,10.099,0.082,6.392,6.367,0.1325,0.1063,-9.967,0.134,0.09128,0.034225,-0.271228,0.12153,0.0906790423928995,-0.1913761576071024,-0.2547761576071039,0.3134146140354658,0.3152777678746156,0.3152920406797482,-0.1380122815084871,0.3211188768704183,-0.2226786461832048,0.3203929112556266
Gaia16agf,6:34:08.95,-25:11:04.56,0.02509,nan,,,,,,,,,,,,,,,,,,,,,,,,,,,,,,,,,,,,,,,,,,,,,,,,,,,,0.037954,0.034382,1.3638,0.14605,0.269784304000872,0.1525064440008705,0.1110064440008713,0.2635574882867114,0.265790653628001,0.265798178240559,,,,
AT2017cfc,13:52:39.12,-2:00:07.92,0.02512,UGC08783,13:52:39.81,-1:59:51.17,2.004617808,0.5515234461030956,9.873494861,0.040139463812308,-0.132954714,0.0161122732839994,10.933,0.0,5.171702898,0.7234937800000001,0.17578757,0.15237114,0.31067831,-0.09582404,0.52134397,-0.00178288,-0.000492,2.12501252,3.88464772,0.30911556,0.3660294,0.27432832,1.62819217,0.98882178,-7.212951309999999,0.17957209,-0.3306178199999999,0.47353169,0.14663832,0.023,0.035,1.925,0.052,1.949,0.051,1.424,0.141,8.8181,0.0191,8.5269,0.0555,10.635,0.082,5.82,5.528,-0.2052,0.1061,-10.84,0.134,-0.006368,0.032331,-0.915129,0.095605,-0.1277129321106898,-0.1080358121106925,-0.0792358121106957,0.1834967368183968,0.1863232298560756,0.1863259133454066,0.0,0.0,0.0,0.0
ASASSN-16bq,14:11:26.40,1:17:09.60,0.02534,IC0986,14:11:26.23,1:17:11.47,2.773796385,0.0153717927151475,9.807805686,0.0022501319154201,-0.074749817,0.0011011876879436,10.795,0.001,2.508146594,0.72524087,0.19461164,0.22085977,0.22815032,0.18431034,0.28821804,4.24e-16,2.08680049,1.10639559,5.01679292,0.16572617,0.2380521299999999,0.0357471699999999,-1.52e-07,3.82e-06,-1.2599999999999998e-06,3.34e-17,-0.03732373,0.5084058100000001,0.19689128,-0.03,0.035,1.555,0.066,1.525,0.065,1.125,0.332,8.7353,0.0261,8.4331,0.1355,10.918,0.082,5.344,5.041,-0.2651,0.1151,-11.183,0.141,-0.052867,0.034074,-1.67717,0.070301,-0.1032771616980596,0.0600818683019426,0.062081868301945,0.169127769452565,0.172526055643778,0.172526055643778,0.0,0.0,0.0,0.0
PS15ahs,17:59:29.76,43:23:24.36,0.02534,MCG+07-37-011,17:59:29.75,43:23:30.91,,,,,,,,,,,,,,,,,,,,,,,,,,,,,,,,,,,,,,,,,,,,,,,,,,-0.091254,0.031897,0.17315,0.097042,-0.1668929916980559,0.1150818683019423,0.0712818683019449,0.1791537623021074,0.1819711217638666,0.18197386943185,,,,
PSNJ0153424,1:53:42.41,29:56:10.68,0.02556,UGC01359,1:53:42.24,29:55:59.88,,,,,,,,,,,,,,,,,,,,,,,,,,,,,,,,,,,,,,,,,,,,,,,,,,0.069316,0.033712,-0.609377,0.09066,0.197149786010442,-0.0170366539895567,0.0375633460104438,0.2281047273863476,0.2305824485948572,0.2305846170064256,,,,
SN2017hn,13:07:39.36,6:20:15.36,0.02557,UGC08204,13:07:39.40,6:20:09.60,,,,,,,,,,,,,,,,,,,,,,,,,,,,,,-0.0,0.036,3.112,0.046,3.112,0.046,1.845,0.101,9.4308,0.016,9.3612,0.0388,10.74,0.082,6.02,5.95,0.4184,0.108,-10.322,0.136,-0.027287,0.035539,0.62439,0.21566,-0.1956186615858186,-0.1113018315858198,-0.084001831585823,0.1828808860433479,0.1863020101904432,0.1863046939854173,,,,
SN2017ms,10:26:42.24,36:40:49.80,0.02591,SDSSJ102641.99+364053.2,10:26:41.99,36:40:53.21,,,,,,,,,,,,,,,,,,,,,,,,,,,,,,,,,,,,,,,,,,,,,,,,,,-0.120033,0.033733,0.43188,0.23212,-0.3631237720990654,0.007778197900933,-0.0572218020990646,0.1935851334994503,0.1965022116949323,0.1965047561790808,,,,
PSNJ2352371,23:52:37.20,14:33:09.00,0.02596,UGC12822,23:52:36.41,14:33:05.18,5.516183759,0.0026502002669946,10.14298813,0.0002439889520285,-0.178036819,0.0013538387128949,10.851,0.005,-654340000000000.0,0.0608121,0.49370457,-2.8e-17,0.1860391,9.56e-17,0.87262567,-1.28e-17,0.7924633400000001,0.7441693300000001,5.29086018,0.10759372,0.2625397499999999,-5.65e-17,-1.64774162,0.18337383,1.30262452,0.0148858999999999,0.14978332,0.05724492,0.45797197,-0.073,0.035,0.574,0.065,0.502,0.065,1.285,0.401,5.9654,99.0,7.8856,0.1645,10.913,0.082,0.0,4.451,-0.8925,0.217,-11.805,0.232,-0.013533,0.040167,-2.03886,0.13735,0.1541959714666205,0.1960129414666198,0.2218129414666165,0.1926758858990922,0.1968181518458092,0.1968206922455055,0.0,0.0,0.0,0.0
SN2017mf,14:16:30.96,39:35:11.04,0.02598,NGC5541,14:16:31.80,39:35:20.88,,,,,,,,,,,,,,,,,,,,,,,,,,,,,,,,,,,,,,,,,,,,,,,,,,-0.027296,0.033476,-0.158018,0.14413,0.023364457789647,0.1077090977896446,0.1298090977896464,0.1713616831879285,0.1746008849948934,0.1746037486453255,,,,
ASASSN-15uu,1:43:56.62,17:03:45.36,0.02632,MCG+03-05-013,1:43:56.57,17:03:43.40,0.289428615,0.0085303661604854,8.868473138,0.0300469760020773,-1.274546218,0.0224062704005227,9.74,0.007,3.264172235,30.246893250000003,0.19273214,3.725898984387759,0.070828914693916,6.97225074,0.39565783,8.91814526,1.17700152,12.5959103,0.14347518,12.03746776,0.1567072099999999,2.5062692308878907,0.106491035813195,5.63171674,1.242305,0.640898458723998,0.06608083737098,12.64868068,0.37771698,0.14,0.037,3.685,0.042,3.826,0.041,2.846,0.047,9.1968,0.0133,9.4669,0.0144,10.083,0.082,6.457,6.727,0.221,0.1063,-9.862,0.135,0.16344,0.0376,0.96417,0.18413,0.4236687906615444,-0.0813608093384559,-0.1877608093384566,0.3684358098176668,0.3703494376342429,0.3703831880039913,-0.1687061088718405,0.383092360730924,-0.3286183262955575,0.3814461462748177
ASASSN-15mf,14:14:22.80,2:58:31.80,0.02695,UGC09108NED02,14:14:23.00,2:58:31.58,2.875860713,0.0474326004103109,9.807696057,0.0066287330534943,-0.082323303,0.0014241564238827,10.547,0.001,3.776967598,1.03654072,0.23580012,0.1947851,0.24514608,-0.1669664599999999,-1.29943868,0.01975018,0.0243714599999999,1.74655846,3.14268594,0.50904942,0.3048765499999999,-0.04828987,-0.02856858,0.02488736,0.13809612,-0.03195247,-0.1894696099999999,0.7242218899999999,0.28403634,-0.128,0.044,0.99,0.054,0.862,0.049,0.721,0.327,7.9156,0.0472,7.6694,0.1356,10.919,0.083,4.319,4.072,-0.9809,0.1139,-11.9,0.141,-0.023271,0.034768,-1.14563,0.16636,-0.2389254773394,-0.1670180873394002,-0.144018087339397,0.1738617015906608,0.1773039906601089,0.1773039906601089,0.0,0.0,0.0,0.0
ASASSN-17at,11:38:33.60,25:23:49.56,0.02713,2MXJ11383367+2523532,11:38:33.70,25:23:53.14,,,,,,,,,,,,,,,,,,,,,,,,,,,,,,0.358,0.035,3.116,0.047,3.474,0.047,2.378,0.071,9.2703,0.0167,9.3884,0.0242,10.234,0.082,6.298,6.417,0.2272,0.1069,-10.007,0.135,-0.02295,0.034274,-1.46792,0.27096,-0.1197722093371922,-0.0488567093371941,-0.0258567093371908,0.1795733658647628,0.1828149359434288,0.1828149359434288,,,,
ASASSN-15fa,17:09:46.08,62:58:27.48,0.02741,NGC6319,17:09:44.08,62:58:22.93,,,,,,,,,,,,,,,,,,,,,,,,,,,,,,,,,,,,,,,,,,,,,,,,,,0.053892,0.034025,0.83709,0.22502,0.3318325124308856,0.1653062324308862,0.2237062324308851,0.2194534249994745,0.2220754519729724,0.2220777034485902,,,,
ASASSN-16av,11:51:28.32,22:01:33.96,0.02773,NGC3926NED02,11:51:28.23,22:01:33.51,,,,,,,,,,,,,,,,,,,,,,,,,,,,,,-0.106,0.035,1.348,0.046,1.241,0.046,0.963,0.328,8.5504,0.0204,8.2569,0.1355,11.036,0.082,4.955,4.661,-0.4265,0.1138,-11.463,0.14,0.16057,0.036869,0.78114,0.21354,0.4293597607489019,-0.0668015392510952,0.0210984607489024,0.2849671824333462,0.287342336290704,0.287349296545163,,,,
PSNJ0252467,2:52:46.70,46:56:47.04,0.02816,UGC02351,2:52:44.44,46:56:17.19,,,,,,,,,,,,,,,,,,,,,,,,,,,,,,,,,,,,,,,,,,,,,,,,,,-0.098566,0.044015,-0.242102,0.14107,-0.2530607183093138,0.051508221690689,0.001608221690688,0.1815010584294207,0.1867617584946126,0.1867644356830282,,,,
AT2017ns,2:49:10.37,14:36:02.88,0.02849,2MXJ02491020+1436036,2:49:10.17,14:36:03.50,0.455239402,0.0091158464104229,9.116984507,0.0130406727738307,-0.532959709,0.0135572506276276,10.255,0.007,4.51477401,6.044579690000001,0.10151978,1.10341522,0.12464211,-0.22511334,-0.06309106,0.12797349,0.07721775,1.9371659,0.4485967099999999,0.97838986,0.16664157,0.83930041,0.08197031,-0.522468,-0.84440617,0.1774277,-1.0738349,2.92654689,0.1043769599999999,0.076,0.038,3.123,0.047,3.199,0.044,2.765,0.091,8.9631,0.0153,9.2389,0.0344,10.209,0.082,6.209,6.485,0.0158,0.1061,-10.193,0.134,0.2265,0.042867,-0.966399,0.26699,0.5130754755945475,-0.1868095244054544,-0.1892095244054559,0.3616342920575978,0.3641660896912286,0.3646106702785863,-0.1206689045788391,0.3693322335357404,-0.1414072654825568,0.3686770595698692
SN2017ckx,7:48:10.80,28:13:50.52,0.02858,UGC04030NED01,7:48:10.97,28:13:49.12,,,,,,,,,,,,,,,,,,,,,,,,,,,,,,0.203,0.035,3.222,0.052,3.425,0.051,3.035,0.057,9.4102,0.0189,9.7561,0.0144,10.453,0.082,6.592,6.938,0.4583,0.1078,-9.995,0.135,-0.032273,0.039452,1.97167,0.55096,0.1374765961028643,0.2372001661028662,0.267100166102864,0.2453111185413331,0.24846328739675,0.2484652997583364,,,,
ASASSN-15la,14:12:51.12,35:42:40.32,0.02902,NGC5517,14:12:51.24,35:42:39.20,,,,,,,,,,,,,,,,,,,,,,,,,,,,,,,,,,,,,,,,,,,,,,,,,,0.053166,0.034029,-1.01539,0.22257,-0.2651839901734263,-0.4294669301734259,-0.3705669301734247,0.2125951252004617,0.2153013239624875,0.2153036462766016,,,,
PS16cvc,21:12:23.28,14:46:45.48,0.02915,GAJ211223.05+144644.9,21:12:22.99,14:46:43.61,0.183707986,0.0003390811876108,7.87383833,0.0008556137461842,-1.748776953,0.0115577878909594,8.919,0.258,4.026123902,21.59148656,2.88384636,8.59327049,3.2952924900000005,6.12922094,4.20146737,8.43422588,104.2377616,7.000412259999999,0.8971077199999999,10.74625999,3.14564565,10.74330412,8.38912507,5.34650159,5.51043797,8.11789593,24.84528479,11.19751114,4.97972587,0.052,0.102,2.71,0.452,2.762,0.448,2.672,99.0,7.5322,0.1845,7.7938,99.0,8.975,0.135,5.435,0.0,-0.7428,0.2186,-9.718,0.257,-0.099116,0.036324,1.16607,0.13242,-0.0020452497427072,0.3042231902572894,0.2585231902572928,0.1756044952158116,0.1793219777829811,0.1793247660419497,0.0,0.0,0.0,0.0
ASASSN-15fs,18:58:40.80,43:28:08.04,0.02917,CGCG229-010,18:58:40.65,43:28:06.08,,,,,,,,,,,,,,,,,,,,,,,,,,,,,,,,,,,,,,,,,,,,,,,,,,0.006798,0.034783,-0.021703,0.13116,-0.2217917401366307,-0.2427975601366299,-0.1986975601366296,0.1784974316677973,0.1818548602622432,0.1818576096868096,,,,
ASASSN-16ay,7:12:14.16,7:14:22.20,0.02938,UGC03738,7:12:15.13,7:14:27.74,,,,,,,,,,,,,,,,,,,,,,,,,,,,,,-0.023,0.035,2.78,0.051,2.758,0.051,1.377,0.159,9.1966,0.0185,8.9192,0.0635,10.714,0.082,6.108,5.831,0.1364,0.1086,-10.578,0.136,0.20461,0.036502,0.97889,0.17432,0.6762408821991244,0.043995982199128,0.1684959821991256,0.2952506926325492,0.2974985168097482,0.2975254064848917,,,,
PSNJ0859349,8:59:34.80,45:55:33.24,0.02938,UGC4709,8:59:34.55,45:55:36.28,,,,,,,,,,,,,,,,,,,,,,,,,,,,,,,,,,,,,,,,,,,,,,,,,,0.064272,0.033467,-0.88688,0.13659,0.1539964621991316,-0.0446040178008715,0.0182959821991275,0.2199682019451903,0.2224995504624672,0.2225017976466707,,,,
ASASSN-16fs,14:47:06.48,11:35:41.64,0.02944,UGC09523,14:47:06.32,11:35:37.70,5.676742209,0.0069194888060682,10.1343787,0.000625265034544,-0.108075441,0.0015170604019955,11.08,0.002,-10.83049495,0.10039542,-0.43385244,0.00293691,0.17252255,1.29e-16,32.37013646,4.87e-17,0.7983304,-1.51e-16,-53.43188503,0.1257035,0.18378736,1.2e-16,-32.41100921,-2.97e-16,8.17516973,-3.33e-17,2.11056078,0.03481078,0.2070878,-0.06,0.042,0.16,0.054,0.101,0.05,1.358,0.27,6.1371,99.0,7.934,0.1125,11.26,0.083,0.0,3.915,-0.8489,0.1846,-12.109,0.202,-0.026148,0.037071,-1.34003,0.13534,-0.2862255744041704,-0.2054282544041683,-0.1821282544041693,0.1729104255966077,0.1768396853678495,0.1768396853678495,0.0,0.0,0.0,0.0
ASASSN-16aj,4:21:48.22,-15:45:19.44,0.02953,NGC1562,4:21:47.62,-15:45:19.82,,,,,,,,,,,,,,,,,,,,,,,,,,,,,,-0.045,0.038,0.84,0.258,0.795,0.257,0.921,99.0,7.8,0.1175,8.1027,99.0,10.838,0.082,4.354,0.0,-1.0381,0.1716,-11.876,0.191,-0.020436,0.03705,-1.76764,0.15936,-0.0923449333728356,-0.0291976933728363,0.0004023066271656,0.1697194612441366,0.1737164299224457,0.1737193081525481,0.0,0.0,0.0,0.0
ASASSN-16br,15:45:30.24,-13:09:10.08,0.02956,2MXJ15453055-1309057,15:45:30.51,-13:09:05.64,0.364707032,0.0066836655845684,9.007842069,0.0173396537612018,-0.344095694,0.029678322268064,10.238,0.002,4.174683371,24.80296352,0.16066351,4.53207185,0.24400948,1.84378257,0.20471655,0.99538618,0.1431317,10.07019072,0.86066698,4.11798372,0.17755248,3.94981427,0.19495277,0.14424574,0.30813693,0.7525751199999999,0.10965895,6.99873066,0.17798585,0.254,0.035,4.147,0.042,4.401,0.041,2.119,0.062,9.5417,0.0139,9.528,0.0216,10.096,0.082,6.807,6.794,0.542,0.1077,-9.554,0.136,-0.056094,0.040248,0.82071,0.10738,-0.1149801404253736,0.0583503195746288,0.039150319574631,0.1826527499710858,0.1870345651905016,0.1870372384740536,0.0073753819932441,0.2060003172617885,-0.0570019608164699,0.2037969442250801
AT2017zd,13:32:42.24,-21:48:03.96,0.02969,2MXJ13324217-2148034,13:32:42.16,-21:48:03.44,0.897440163,0.0221797257246654,9.585427904,0.007982011354451,-0.10532044,0.0031065397747297,10.113,0.001,2.75553352,5.97726224,0.14475822,1.58655168,0.15225712,0.77837612,0.15812874,-8.39e-15,-0.32887331,5.87523597,1.60153066,1.01189555,0.13878465,0.9198338,0.15755135,0.30973393,0.42873648,0.2143924999999999,0.0821018199999999,2.56394271,0.13620058,-0.01,0.036,2.336,0.106,2.327,0.105,1.7,0.442,8.4965,0.0428,8.3457,0.1789,10.187,0.082,5.732,5.581,-0.4375,0.1209,-10.624,0.146,-0.056015,0.035708,0.19005,0.12127,-0.3502688295214398,-0.1771824795214414,-0.1988824795214441,0.1869471421578837,0.1903268116293655,0.1903294386714782,-0.1677500687028261,0.2034745093509128,-0.220784060837545,0.2025304843761839
ATLAS17ajn,11:44:26.64,-28:27:26.64,0.02978,ESO440-G001,11:44:25.90,-28:27:43.60,,,,,,,,,,,,,,,,,,,,,,,,,,,,,,-0.013,0.035,2.726,0.052,2.713,0.052,1.553,0.144,9.1021,0.0192,8.8273,0.057,10.561,0.082,5.932,5.657,0.0523,0.1076,-10.508,0.135,-0.115244,0.044132,-2.02735,0.12978,-0.2812000982753133,0.0749038617246853,0.0279038617246882,0.1816410966714306,0.1869254434901787,0.1869281183342944,,,,
Gaia16bba,1:01:35.52,17:06:04.68,0.0299,GAJ010135.75+170604.9,1:01:35.77,17:06:04.10,0.288828387,0.0331855292796848,8.426332835,0.0929363998793278,-0.298677229,0.007136827330466,8.651,0.023,3.156554138,12.94129247,0.86999325,5.78168984,1.80422407,4.69868877,1.48539211,-0.00406331,-0.06488163,38.87782512,9.15895957,3.57586767,0.61078875,2.50052685,1.2744350300000002,-10.18689015,-6.51e-06,0.3950282599999999,1.61989217,1.34218152,3.11278199,0.227,0.093,3.246,99.0,3.471,99.0,2.976,99.0,7.4126,99.0,7.7693,99.0,8.401,0.132,0.0,0.0,0.0,99.0,0.0,0.0,-0.062035,0.036432,0.007502,0.12781,-0.2256049727872735,-0.0339168227872761,-0.0572168227872751,0.177659408813606,0.1813564340297856,0.1813591910105468,0.0,0.0,0.0,0.0
ASASSN-15nq,17:17:19.20,33:27:43.56,0.03023,2MFGC13779,17:17:18.82,33:27:47.31,,,,,,,,,,,,,,,,,,,,,,,,,,,,,,,,,,,,,,,,,,,,,,,,,,-0.090459,0.033617,-0.336729,0.13348,-0.2529873303002716,0.0265309796997286,0.00153097969973,0.1580221266626923,0.1615583337497635,0.1615614285774918,,,,
AT2017lm,3:01:32.38,-15:00:57.60,0.03031,2MXJ03013238-1501028,3:01:32.40,-15:01:02.13,0.265672107,0.0038201745127875,8.864181867,0.0116798509550914,-1.019184739,0.0386900404582948,10.11,0.013,3.526426619,31.01931156,0.24016656,5.18275074,0.20521443,1.60591905,0.16168369,1.00681898,0.22267532,10.07440721,0.31136357,1.7543798899999998,0.22086014,4.394397420000001,0.2677777799999999,0.36185928,0.1771003,0.84418824,0.16042417,10.16149311,0.22623635,0.206,0.036,4.031,0.041,4.237,0.04,2.472,0.052,9.2393,0.0131,9.3609,0.0171,9.891,0.082,6.481,6.602,0.201,0.1063,-9.69,0.135,-0.016333,0.036082,1.07786,0.31691,-0.0070023288821161,0.043466641117881,0.0313666411178843,0.2097929809049864,0.2128732147570473,0.2128755635600291,-0.0075690139195036,0.2294320825412498,-0.0648602711462166,0.2273049317194519
ASASSN-16fo,13:32:35.76,-5:16:21.00,0.03036,2MXJ13323577-0516218,13:32:35.78,-5:16:21.61,,,,,,,,,,,,,,,,,,,,,,,,,,,,,,-0.044,0.073,0.633,0.255,0.589,0.246,3.107,0.486,5.8451,1.0136,8.1841,0.1749,10.191,0.088,3.196,5.535,-0.6465,0.2196,-10.838,0.236,-0.127449,0.032922,0.62311,0.17769,-0.3873082859379622,0.0065091240620347,-0.0461908759379667,0.1663279037083074,0.1695547983278562,0.1695577472013591,,,,
AT2016cyt,21:09:35.76,15:07:31.80,0.03059,NGC7033,21:09:36.27,15:07:29.97,4.014048425,0.0188836951045928,10.11353888,0.0013408139652759,-0.203927046,0.0022401838936495,10.873,0.001,0.026967067,0.42010684,0.79141793,-0.05807072,-0.0042387499999999,0.04116185,-6.16613795,-0.07861482,-1.49261365,0.99926073,-23.51192761,0.20274311,0.46726149,-0.1512064,-0.22947781,0.03995979,-0.7234686499999999,0.05533817,0.43727177,0.8115681600000001,0.09944988,-0.034,0.035,0.852,0.058,0.818,0.058,1.497,0.326,7.9329,0.0456,8.2229,0.1339,10.894,0.082,4.726,5.016,-0.8976,0.1142,-11.791,0.141,-0.09905,0.034635,-1.7723,0.08762,-0.4582043180506119,-0.1521398180506139,-0.1846398180506128,0.1562289574438746,0.1600220933777583,0.1600252179158022,0.0,0.0,0.0,0.0
ASASSN-15uw,2:35:34.32,-6:03:46.44,0.03076,2MXJ02353437-0603496,2:35:34.36,-6:03:50.02,4.894641731,0.0142184917775449,10.12357366,0.0005134269143889,-0.316663465,0.0046194837508547,10.418,0.001,1.299393797,0.21501108,0.21701795,0.08703011,0.15551795,0.40966594,0.2026834099999999,2.51e-16,0.01358057,0.20868,2.30889488,0.12665666,0.19764267,0.0169608799999999,0.15379852,0.18938812,0.87271428,0.02442145,0.11151317,0.19674638,0.19906487,-0.046,0.036,0.765,0.111,0.719,0.111,1.406,99.0,7.2754,0.0842,8.0355,99.0,10.484,0.082,4.258,0.0,-1.5017,0.1503,-11.985,0.172,0.045816,0.034032,-0.702146,0.13127,0.137731053226112,-0.0038403867738878,0.0528596132261114,0.2064260775096014,0.2092125772987847,0.209214967198812,0.0,0.0,0.0,0.0
ASASSN-16hr,22:25:31.68,38:59:03.84,0.03083,2MXJ22253147+3859010,22:25:31.59,38:59:01.86,,,,,,,,,,,,,,,,,,,,,,,,,,,,,,,,,,,,,,,,,,,,,,,,,,0.054686,0.038983,1.05225,0.19827,0.1115937527980079,-0.0573859872019895,-0.0957859872019923,0.2733460440668568,0.2761118144810178,0.2761190578283216,,,,
PS15cwx,5:14:47.81,7:03:01.44,0.03086,2MFGC04279,5:14:47.90,7:02:53.05,,,,,,,,,,,,,,,,,,,,,,,,,,,,,,-0.055,0.035,1.142,0.229,1.072,0.229,2.534,99.0,7.7338,0.0964,8.2761,99.0,10.323,0.082,5.026,0.0,-1.0964,0.1594,-11.419,0.179,-0.076494,0.044047,-1.43085,0.088273,-0.3688114140248331,-0.1324449540248338,-0.1463449540248333,0.175408881394301,0.1808546761380528,0.1808546761380528,,,,
AT2017wb,11:01:19.44,70:39:53.64,0.03117,2MXJ11011991+7039548,11:01:19.98,70:39:55.07,,,,,,,,,,,,,,,,,,,,,,,,,,,,,,,,,,,,,,,,,,,,,,,,,,0.065589,0.033306,1.3617,0.16081,0.189635297804692,-0.0130347121953064,-0.0545347121953057,0.2790028903076095,0.2809838116974001,0.2809998263985229,,,,
MASTEROTJ08,8:32:56.88,-3:51:28.44,0.03118,2MXJ08325728-0351295,8:32:57.30,-3:51:29.50,,,,,,,,,,,,,,,,,,,,,,,,,,,,,,,,,,,,,,,,,,,,,,,,,,-0.038482,0.040854,-0.018273,0.17632,-0.0568562879566414,0.0620530920433566,0.0818530920433531,0.1653271169046384,0.1703000437463243,0.1703029797155645,,,,
ASASSN-15hg,9:53:48.48,9:11:38.04,0.03143,CGCG063-098,9:53:49.23,9:11:37.64,,,,,,,,,,,,,,,,,,,,,,,,,,,,,,-0.015,0.036,2.062,0.09,2.047,0.09,1.483,0.375,8.7052,0.0362,8.523,0.1522,10.586,0.082,5.54,5.358,-0.2617,0.1181,-10.847,0.144,0.011862,0.035988,-1.28742,0.13594,0.0342740752272163,-0.002379504772783,0.0427204952272148,0.1890651217570284,0.1924597526991033,0.1924623506273369,,,,
ATLAS17axb,13:43:23.28,-19:56:37.32,0.03143,GAJ134322.97-195637.5,13:43:23.02,-19:56:37.37,0.875350247,0.0478968461770485,9.441337696,0.033065497956645,-0.289251682,0.0400866125591311,9.904,0.002,4.000855983,3.77779284,0.16996764,0.76986662,0.23655564,0.3356118,0.2171587499999999,1.13e-11,-1.34e-06,4.93347896,1.54162883,0.3426515599999999,0.18620503,0.3897789299999999,0.14971414,6.92e-13,-1.91687333,0.13750193,0.10619326,1.7143904,0.16094934,0.133,0.045,2.717,0.114,2.849,0.111,2.596,0.289,8.4343,0.0451,8.6564,0.1118,9.824,0.083,5.64,5.862,-0.0706,0.1179,-9.895,0.144,-0.102111,0.038173,-0.127194,0.14813,-0.3117024947727884,0.0038204952272096,-0.0431795047727874,0.1775313375576267,0.1815889692244548,0.1815917226747959,0.0268142069898249,0.1941882611021538,-0.0484119870118883,0.1932757918166041
CSS160428,13:23:07.20,52:38:56.76,0.03148,SDSSJ132307.25+523858.1,13:23:07.26,52:38:58.13,,,,,,,,,,,,,,,,,,,,,,,,,,,,,,,,,,,,,,,,,,,,,,,,,,-0.057822,0.032365,0.8256,0.14949,-0.0967794297735835,0.0818905502264186,0.0947905502264205,0.156474693800627,0.1597868049151743,0.1597899340540573,,,,
ASASSN-16oz,9:00:13.44,-13:38:02.40,0.03192,GAJ090013.19-133803.5,9:00:13.19,-13:38:03.50,,,,,,,,,,,,,,,,,,,,,,,,,,,,,,0.93,0.091,2.159,99.0,3.089,99.0,3.106,99.0,7.556,99.0,7.9633,99.0,8.328,0.132,0.0,0.0,0.0,99.0,0.0,0.0,-0.039578,0.036562,1.49117,0.18574,-0.2863344512271624,-0.1640384312271621,-0.1785384312271603,0.2709535702606628,0.2734092483457719,0.2734110771000326,,,,
AT2017po,16:03:51.60,39:59:24.36,0.03255,UGC10166,16:03:52.15,39:59:03.99,,,,,,,,,,,,,,,,,,,,,,,,,,,,,,,,,,,,,,,,,,,,,,,,,,-0.0745,0.036728,0.21503,0.2454,-0.3054685527869551,-0.0752635527869571,-0.105163552786955,0.1895461058027835,0.193071676351038,0.1930742660454779,,,,
ASASSN-15pr,23:06:39.36,-12:34:22.08,0.03264,2MXJ23063962-1234238,23:06:39.61,-12:34:23.23,0.568932181,0.0580014653717083,9.326749985,0.040749930017735,-1.207385683,0.0804487447931501,9.801,0.002,4.815086206,18.21966333,0.3148488599999999,8.20480396,1.10424506,6.80605373,1.61349486,8.88246131,2.46588164,11.74419581,0.71751839,8.26786104,0.6067780700000001,1.495562281457922,0.121428287157664,5.5883149,2.1879758,8.031320560000001,3.33897399,10.8868786,1.05298484,0.038,0.054,1.988,0.144,2.026,0.139,2.347,0.529,7.9916,0.0569,8.1853,0.2132,9.869,0.085,5.265,5.459,-0.2281,0.1289,-10.097,0.154,-0.055939,0.044616,-0.669639,0.2244,0.0674485740496919,0.2403000840496929,0.2209000840496955,0.1892642463435711,0.1944519025363341,0.1944544738492791,0.1652194731723082,0.2160284105636957,0.0951179135655946,0.2134553861442671
SN2016hpx,6:03:16.66,-26:53:54.96,0.03282,2MiJ0603164-265353,6:03:16.40,-26:53:55.00,,,,,,,,,,,,,,,,,,,,,,,,,,,,,,0.033,0.043,3.196,0.087,3.229,0.084,1.863,0.386,8.5057,0.0333,8.4184,0.1577,9.768,0.083,5.849,5.761,-0.1295,0.1217,-9.898,0.147,-0.028927,0.037089,0.83599,0.1692,-0.1464075769779853,-0.0570231469779827,-0.0666231469779816,0.1969573250808408,0.2004190156247655,0.2004215103824936,,,,
SN2017cii,16:33:19.92,23:43:52.68,0.03289,SDSSJ163319.94+234356.4,16:33:19.96,23:43:56.33,0.178062092,0.0167638496513933,7.875047466,0.1902265999241539,-1.591433788,0.008762123375955,9.705,0.002,3.922266573,28.02528534,0.528337,9.73302703,0.98814696,6.77250594,2.50651095,9.04968602,4.01866997,10.64044031,0.27393871,9.46240961,0.86327661,11.931765510000002,1.34587502,-3.362338513429534e-12,-0.218695444238692,8.64895178,2.70688233,11.93358745,2.89656263,-0.024,0.075,3.067,0.235,3.062,0.228,2.295,99.0,8.2083,0.0942,8.3026,99.0,9.561,0.089,5.576,0.0,-0.2343,0.164,-9.795,0.187,-0.115009,0.036509,0.33544,0.15317,-0.1675367362252089,0.1878410737747913,0.1338410737747892,0.1706667084348906,0.1745280276889645,0.1745308925348174,0.1286545420974066,0.1955631405222063,0.0275953756406883,0.192908925719439
ASASSN-16bc,12:05:25.68,-21:24:01.44,0.03298,2MXJ12052488-2123572,12:05:24.90,-21:23:57.15,,,,,,,,,,,,,,,,,,,,,,,,,,,,,,0.243,0.035,2.961,0.05,3.204,0.049,2.604,0.071,9.3571,0.0179,9.5488,0.0239,10.507,0.082,6.32,6.512,0.3314,0.1075,-10.175,0.135,-0.159366,0.033395,0.5932,0.12076,-0.5037742612441818,-0.0113333212441801,-0.0939333212441795,0.1601614639543482,0.1636059918248717,0.1636182158593596,,,,
PS15bsq,23:41:52.08,-8:38:16.44,0.03371,MCG-02-60-012,23:41:52.62,-8:38:53.16,2.336120748,0.0246520487522909,10.04082625,0.0022915799638138,-0.259284441,0.0019385410627972,10.961,0.013,2.956538595,2.90444777,0.2279554899999999,0.40573686,0.15751595,0.20799235,0.1619615199999999,0.05954779,0.13404894,4.77187244,7.643418629999999,2.54141299,0.23356872,0.7745557000000001,0.17649016,1.0224484,2.56e-05,0.16000662,0.09390726,2.80466063,0.19518304,0.043,0.035,2.797,0.048,2.841,0.048,1.825,0.09,9.6083,0.0172,9.5228,0.0334,11.039,0.082,6.244,6.159,0.5703,0.1086,-10.469,0.136,-0.069085,0.033475,0.51225,0.13182,-0.198085438554358,0.0153872114456419,0.0206872114456402,0.1514073458422675,0.1550637288343086,0.1550669532814777,0.0,0.0,0.0,0.0
ASASSN-16dw,13:30:00.72,-27:58:26.04,0.03437,2MXJ13300119-2758297,13:30:01.20,-27:58:29.71,,,,,,,,,,,,,,,,,,,,,,,,,,,,,,-0.007,0.046,1.922,0.306,1.915,0.304,1.513,0.607,8.5875,0.1269,8.245,0.2199,10.369,0.11,5.671,5.328,-0.4047,0.1487,-10.774,0.185,0.054822,0.034758,-0.229019,0.14442,0.0851546157189702,-0.0842453642810312,-0.0184453642810282,0.2108418904226576,0.2136876723655344,0.2136900122162942,,,,
ATLAS17ajs,11:27:54.48,27:20:44.88,0.03451,KUG1125+276,11:27:55.25,27:20:49.27,,,,,,,,,,,,,,,,,,,,,,,,,,,,,,0.109,0.039,3.437,0.069,3.546,0.067,1.778,0.3,8.9149,0.0259,8.7847,0.123,9.977,0.083,6.046,5.916,-0.0629,0.1146,-10.04,0.141,0.17557,0.03821,1.82151,0.3865,0.746120725870604,0.2036094258706029,0.1645094258706052,0.3536236643608569,0.3556820210468895,0.3560417111744072,,,,
ASASSN-15jl,15:22:41.04,50:58:35.76,0.03512,SDSSJ152241.16+505836.0,15:22:41.16,50:58:36.05,,,,,,,,,,,,,,,,,,,,,,,,,,,,,,,,,,,,,,,,,,,,,,,,,,-0.085933,0.031868,0.22915,0.15282,-0.1982209321045047,0.0673120378954976,0.0314120378954996,0.1618535197547461,0.1649609992725553,0.164964030264176,,,,
ASASSN-15tg,0:20:41.04,25:13:44.40,0.03529,GAJ002041.66+251341.1,0:20:41.61,25:13:40.65,0.459935191,0.056736143509138,8.803977574,0.0949434485388508,-0.284396259,0.0047228864802405,10.172,0.004,3.382950597,10.8892671,0.68614432,2.4709373,0.95535982,1.81631906,0.7292121,0.29817294,0.63959352,9.22824988,3.55362589,1.79074653,0.7085875399999999,1.65783916,0.6415491500000001,0.58436985,1.50961269,0.24289028,0.41527514,1.5282655,0.6951188899999999,0.026,0.107,3.276,0.213,3.302,0.22,2.884,0.449,8.1394,0.0847,8.464,0.1674,9.369,0.099,5.652,5.976,-0.3063,0.1314,-9.675,0.165,-0.052529,0.034323,1.54158,0.2321,-0.1794528298102875,-0.0171382198102847,6.17801897178083e-05,0.1605891635416288,0.1642161617381188,0.1642192064771962,-0.0559892092956693,0.1903713606536057,-0.081188147333383,0.1915120192871555
PTSS-16efw,17:35:37.92,8:48:32.40,0.03568,2MXJ17353788+0848387,17:35:37.87,8:48:38.72,0.488177718,0.0295613565524804,9.304462325,0.0129180036357371,-0.331826819,0.0118018812467227,10.739,0.006,5.032863817,10.11651837,0.14996092,1.84212715,0.23827246,0.90105703,0.26277073,0.41561928,0.14096937,5.53401321,2.27144715,0.8793735599999999,0.19559505,1.61868586,0.14413452,0.6539534599999999,0.45822973,0.3146737599999999,0.09122493,3.35816866,0.16061308,0.149,0.035,3.89,0.14,4.039,0.14,2.165,0.152,9.543,0.0577,9.5378,0.0267,10.337,0.084,6.481,6.475,0.5497,0.1116,-9.787,0.14,-0.125294,0.049018,-0.139619,0.15966,0.0278308380353067,0.4149892980353087,0.3485892980353071,0.1779145547643587,0.1845436347344443,0.1845463441008789,0.0,0.0,0.0,0.0
AT2016fbk,1:44:06.53,34:22:57.72,0.03576,UGC01212,1:44:08.12,34:23:14.25,,,,,,,,,,,,,,,,,,,,,,,,,,,,,,,,,,,,,,,,,,,,,,,,,,0.086894,0.034901,-0.008242,0.13757,0.449204059975564,0.1807015999755634,0.2641015999755609,0.2244244485322399,0.2271220220498223,0.2271308277182998,,,,
ASASSN-15mi,14:03:15.60,41:36:14.76,0.03585,MRK0283a,14:03:15.88,41:36:13.57,,,,,,,,,,,,,,,,,,,,,,,,,,,,,,,,,,,,,,,,,,,,,,,,,,-0.007576,0.032119,0.49532,0.1448,-0.3586063946387625,-0.3351965546387632,-0.3444965546387664,0.1981373033908556,0.200723743378804,0.2007262343491752,,,,
ASASSN-15ss,6:12:33.38,-14:15:27.00,0.03599,MCG-02-16-004,6:12:34.80,-14:15:27.93,,,,,,,,,,,,,,,,,,,,,,,,,,,,,,0.085,0.034,3.461,0.044,3.546,0.044,2.349,0.061,9.8809,0.0155,10.0066,0.0206,10.959,0.082,6.491,6.616,0.8502,0.1228,-10.109,0.148,-0.120564,0.050478,0.79388,0.23176,-0.2409203408879534,0.1316224191120483,0.0862224191120475,0.1761572692227033,0.183246860775294,0.183249589314683,,,,
PS15bbn,21:03:57.60,13:22:06.24,0.03624,nan,,,0.529950889,0.3250222009427849,8.959913557,0.3846962135169595,-0.317575871,0.0029387944668967,8.23,0.012,2.849114126,11.64341039,2.90585477,-0.60462797,-0.78833354,7.778552530000001,-8.92988626,0.6723706,-0.30044761,-402.9821062,-583.5916247,3.00466782,2.18483079,4.79476106,215.4172272,-83.67429587000001,-12.77689634,1.04584835,5.170959550000001,5.68566319,-5.01445122,,,,,,,,,,,,,,,,,,,,,-0.047187,0.037277,1.50732,0.25123,0.1345944314157705,0.280402261415773,0.2644022614157748,0.1794772080655368,0.18330750924062,0.1833102368772677,0.0,0.0,0.0,0.0
ASASSN-15lu,13:21:12.96,40:15:56.52,0.03635,SDSSJ132112.88+401556.7,13:21:12.88,40:15:56.75,,,,,,,,,,,,,,,,,,,,,,,,,,,,,,,,,,,,,,,,,,,,,,,,,,-0.041141,0.034646,-0.590345,0.23379,-0.0397754298682642,0.0873502601317355,0.0766502601317355,0.1779287700541989,0.1812704954729257,0.1812732537607244,,,,
ASASSN-16db,11:09:25.68,29:34:23.52,0.0373,UGC06198,11:09:25.80,29:34:09.26,,,,,,,,,,,,,,,,,,,,,,,,,,,,,,0.035,0.035,3.144,0.047,3.178,0.046,1.492,0.1,9.7562,0.0166,9.5214,0.0384,11.038,0.082,6.159,5.924,0.6422,0.1129,-10.396,0.14,0.016022,0.03646,-1.00742,0.15357,-0.1143383755800613,-0.1638463555800626,-0.1145463555800603,0.1821925093987126,0.1858048494550128,0.1858075404309523,,,,
AT2016hns,21:39:41.04,24:24:23.40,0.0374,KUG2137+241,21:39:41.30,24:24:18.31,0.686918939,0.0107394015444464,9.721861683,0.008398479210634,-1.040399184,0.0099681892908801,10.609,0.017,3.783219574,28.1337086,0.58142974,6.3196028900000005,0.79434385,2.76360747,0.82687988,0.81580882,0.2632358099999999,12.01106965,4.05695035,6.039504610000001,0.57596382,3.34522851,0.7895933700000001,1.47512717,0.0003019999999999,0.7706748400000001,0.3528141099999999,16.166451719999998,0.99395215,0.487,0.035,2.727,0.041,3.214,0.04,2.937,0.049,9.4914,0.0135,9.8111,0.0155,10.547,0.082,6.492,6.812,0.5325,0.108,-10.014,0.136,-0.096867,0.035762,-1.00508,0.17591,-0.2798343300480184,0.0194846999519811,-0.0114153000480214,0.1550933685107135,0.1591630409360163,0.159166182337832,-0.0594388942214035,0.1942868422534258,-0.1419211375001222,0.1957046667581992
ASASSN-15bc,4:06:14.64,-8:53:08.16,0.03753,LEDA170061,4:06:14.79,-8:53:11.18,,,,,,,,,,,,,,,,,,,,,,,,,,,,,,0.128,0.036,3.632,0.108,3.76,0.108,2.031,0.139,9.3162,0.0439,9.2841,0.038,10.276,0.083,6.351,6.319,0.3332,0.1096,-9.943,0.137,0.056405,0.031777,0.56778,0.15933,0.1494397531858311,-0.0248516968141672,-0.0490516968141676,0.2578595419215663,0.2598101635598577,0.2598178613740787,,,,
AT2016cvw,22:46:12.72,10:33:31.68,0.03787,MCG+02-58-008,22:46:12.41,10:33:25.70,5.830687194,0.0065275805042525,10.15225221,0.0002324677875888,-0.113486047,0.0016322418618113,11.437,0.001,3364790000000000.0,0.35531157,0.20511095,4.1699999999999997e-16,1.25805968,0.0296285099999999,0.25194111,-1.96e-16,-0.31743926,0.5540019899999999,10.28888718,0.18400191,0.21886177,0.07716189,0.12196399,6.04e-05,-1.2599999999999998e-06,1e-16,-1.3108788699999998,0.45027554,0.2066962799999999,-0.099,0.035,0.397,0.087,0.298,0.087,0.83,99.0,6.3087,99.0,7.2529,99.0,11.081,0.082,0.0,0.0,0.0,99.0,0.0,0.0,0.020595,0.043042,-1.83186,0.18447,-0.0083238898710007,-0.071962439871001,-0.0118624398710025,0.1984813333590844,0.2030946908611842,0.2030971527520758,0.0,0.0,0.0,0.0
SN2017ciy,17:04:06.96,25:03:10.44,0.03834,2MXJ17040672+2503184,17:04:06.73,25:03:18.46,5.352893015,0.0289932435938029,10.12703807,0.0039563489543887,-0.182880809,0.0107105998353275,10.215,0.001,0.149193844,-1.17e-15,-18.06227256,2.06e-15,7.78165585,-1.2500000000000002e-15,2.79147795,-4.99e-16,-20.33964284,5.5606917,-10.26529198,-1.31e-17,0.08395024,0.05526251,0.3844845899999999,0.00113338,-4.6400000000000005e-06,0.41101158,0.23650869,1.6000000000000002e-15,0.1653934,-0.07,0.062,2.027,99.0,1.953,99.0,2.592,99.0,7.6435,99.0,7.9444,99.0,9.609,0.116,0.0,0.0,0.0,99.0,0.0,0.0,0.012273,0.038448,1.4631,0.2636,0.521648997974232,0.4837254279742353,0.4720254279742377,0.2397509646633356,0.2428142783301674,0.2428225149383804,0.0,0.0,0.0,0.0
ASASSN-15np,15:06:02.64,7:33:41.40,0.03884,2MXJ15060265+0733415,15:06:02.65,7:33:41.88,0.62563708,0.0072751637921583,9.615915193,0.0074134784578796,-0.760229668,0.0121033157513424,10.122,0.001,5.000295151,8.393534070000001,0.1864547399999999,1.29484023,0.25386459,0.6112279899999999,0.2459766199999999,0.08523068,0.1865444399999999,3.75037564,2.19060296,0.5572342,0.2269746799999999,1.77235153,0.4558802,0.21039808,0.50290408,0.2020611,0.12517427,3.77242655,0.21641733,0.26,0.036,4.133,0.039,4.392,0.037,3.485,0.045,9.3701,0.0118,9.9129,0.0149,9.929,0.082,6.627,7.17,0.5731,0.1077,-9.355,0.136,0.05253,0.037158,-1.06429,0.23568,0.0451335335568501,-0.1171841664431525,-0.0485841664431561,0.2129402466327115,0.2161579644611782,0.2161602775719905,-0.0771537668725372,0.227053458063315,-0.0328757199182569,0.2269502935886381
ASASSN-15pn,4:03:26.35,-5:29:31.20,0.03909,SDSSJ040326.23-052930.6,4:03:26.24,-5:29:30.50,,,,,,,,,,,,,,,,,,,,,,,,,,,,,,0.102,0.057,3.956,0.187,4.058,0.182,2.576,0.269,8.6469,0.0754,8.8269,0.084,9.458,0.089,6.2,6.38,-0.1959,0.1202,-9.654,0.149,0.001447,0.037809,0.38124,0.18136,0.1183680182415827,0.1138967882415826,0.1072967882415838,0.2141816442742001,0.2174932119055673,0.2174955108157407,-0.0147604024437949,0.2458096563671294,-0.08433992825651,0.2427923885395457
PS15cze,3:47:23.42,0:52:37.92,0.04035,2MXJ03472342+0052316,3:47:23.37,0:52:31.80,5.248880632,0.0418879864243023,10.06628454,0.0051723269300455,-0.032386102,0.0083677639662348,10.624,0.013,-3.401704993,0.0567100799999999,0.04117484,-0.94598148,3.86782742,0.5917941,0.2963213,-0.0845359099999999,-0.06582956,-1.82393633,0.10472132,0.32767839,-0.30365603,0.1001851399999999,-0.03444954,-7.032197350000001,-14.78576975,0.33892893,-0.11361911,0.44062689,-0.22066411,-0.017,0.036,1.923,0.201,1.907,0.201,2.125,0.393,8.6639,0.0839,8.7689,0.1424,10.633,0.082,5.579,5.683,-0.3077,0.1258,-10.941,0.15,0.030005,0.04777,-1.51168,0.24032,0.4164756167985786,0.3237601667985785,0.3888601667985796,0.2265225129562181,0.2315046906133869,0.231506850386765,0.0,0.0,0.0,0.0
SN2016glz,0:05:53.57,8:25:48.72,0.04077,GAJ000556.57+082613.6,0:05:53.57,8:25:48.60,,,,,,,,,,,,,,,,,,,,,,,,,,,,,,,,,,,,,,,,,,,,,,,,,,-0.00329,0.036625,1.11871,0.26331,-0.1928400766621791,-0.1826739766621798,-0.1910739766621816,0.2037025650304875,0.2069689001396103,0.2069713159474037,,,,
PS16axi,10:48:07.20,0:09:48.60,0.04089,2MXJ10480747+0010017,10:48:07.48,0:10:01.78,,,,,,,,,,,,,,,,,,,,,,,,,,,,,,0.043,0.035,3.047,0.052,3.091,0.052,1.901,0.172,9.2112,0.0195,9.1426,0.0697,10.531,0.082,6.215,6.146,0.2221,0.1097,-10.309,0.137,-0.028406,0.03884,-0.724985,0.18818,-0.1765156610384863,-0.0887411210384883,-0.0631411210384911,0.1598051208315928,0.1644573569166183,0.1644603971903266,,,,
SN2017coa,8:49:55.20,56:05:56.40,0.04095,SDSSJ084955.19+560554.6,8:49:55.19,56:05:54.71,,,,,,,,,,,,,,,,,,,,,,,,,,,,,,,,,,,,,,,,,,,,,,,,,,-0.047302,0.038881,0.71195,0.31661,0.0837191592163435,0.2298823392163456,0.2176823392163456,0.3023128244765676,0.3048028477622871,0.3048044881624941,,,,
AT2016htm,2:32:02.62,-26:39:57.24,0.04289,2MXJ02320134-2639576,2:32:01.35,-26:39:56.62,0.622626165,0.0421327266327486,9.346248317,0.047634979059219,-0.232910136,0.0458307364375818,10.43,0.014,3.325416945,6.91373005,0.12789378,1.49559374,0.15560322,0.7232643,0.14765807,0.00858414,0.15263081,2.90670771,0.89956951,0.31490672,0.13526505,1.12919546,0.13149707,0.04643306,0.37147375,0.23917141,0.07369315,2.52903366,0.14629514,-0.019,0.038,2.981,0.091,2.962,0.089,2.012,0.326,8.8258,0.0361,8.7973,0.1326,10.232,0.083,5.675,5.647,-0.1102,0.1164,-10.343,0.143,-0.07832,0.032698,-0.466558,0.20121,-0.3081255526775805,-0.0661167526775798,-0.0944167526775814,0.154548990588745,0.1579700911438617,0.1579732562682683,-0.0139375349149644,0.1695092246350161,-0.0637753837916823,0.1682002931620886
ASASSN-16ct,15:13:54.24,4:45:26.28,0.04306,SDSSJ151354.30+044525.7,15:13:54.30,4:45:25.93,0.183255231,0.0670497647076543,7.873989127,0.504779042222239,-1.735104209,0.2842875425195075,9.329,0.053,0.831171756,0.40222012,-0.64916674,0.48655339,-0.74776172,1.92e-16,0.00773493,0.10455063,-0.69443323,2.25219543,0.76533472,0.61454887,-0.60637297,-4.03e-15,-4.30564981,-1.36e-16,0.46149636,0.32004809,-0.4458990899999999,7.829999999999999e-05,-8.4e-07,-0.041,0.155,2.221,99.0,2.18,99.0,3.154,99.0,7.6179,99.0,8.1003,99.0,9.299,0.16,0.0,0.0,0.0,99.0,0.0,0.0,-0.001683,0.034256,1.47021,0.19608,-0.0567685776283184,-0.05156810762832,-0.0593681076283232,0.2005908507584531,0.2034948720336706,0.2035047000538316,0.0100360869662953,0.2121594497430358,-0.017141871386424,0.2110980744746901
SN2016ayg,7:30:17.28,25:01:55.56,0.04349,SDSSJ073017.25+250153.5,7:30:17.26,25:01:53.54,,,,,,,,,,,,,,,,,,,,,,,,,,,,,,0.281,0.348,4.605,99.0,4.884,99.0,4.157,99.0,7.9945,99.0,8.8033,0.1787,8.474,0.274,0.0,6.695,-0.0647,0.2309,-8.539,0.358,-0.128598,0.035377,-0.263111,0.16628,-0.2422738803969437,0.1550939396030557,0.0891939396030565,0.1576830012905639,0.1616027878008297,0.1616151633510915,,,,
MASTERJ0134,1:34:15.05,-17:48:43.56,0.04369,GAJ013415.00-174836.1,1:34:14.86,-17:48:37.51,0.38830398,0.0225953769948079,9.191550497,0.0513748478207993,-0.600315291,0.1515525478251336,9.81,0.002,3.00082936,13.19800948,0.18537813,2.61682416,0.12608422,1.09344564,0.1113704599999999,0.52676826,0.16741488,6.83440054,0.26438468,2.60896454,0.11449087,2.20622189,0.16678057,0.04777364,0.11140726,0.38738932,0.09687242,2.18009976,0.2175471,-0.016,0.051,3.125,0.179,3.109,0.179,2.364,99.0,8.3272,0.0738,8.6555,99.0,9.697,0.085,5.627,0.0,-0.1608,0.1554,-9.858,0.177,-0.070549,0.043894,0.40246,0.20036,-0.2757729730338312,-0.0577765630338333,-0.0781765630338355,0.1679843045049149,0.1736243352643862,0.1736272150211481,-0.0621561220232179,0.1878549262167209,-0.1170553572389363,0.1859634606153572
ASASSN-15mg,15:32:22.56,41:51:01.44,0.04408,2MXJ15322270+4150586,15:32:22.62,41:50:59.79,,,,,,,,,,,,,,,,,,,,,,,,,,,,,,,,,,,,,,,,,,,,,,,,,,-0.044881,0.037229,-1.55653,0.1597,-0.1548555650089653,-0.0161732750089669,-0.0276732750089649,0.1731712036800576,0.177127818890766,0.1771391098120344,,,,
AT2016cvv,19:20:28.80,54:12:31.32,0.04438,CGCG280-024,19:20:30.32,54:12:40.93,,,,,,,,,,,,,,,,,,,,,,,,,,,,,,,,,,,,,,,,,,,,,,,,,,0.054703,0.043587,1.47222,0.33066,0.266169896800001,0.0971376267999986,0.1742376268000001,0.2238125523557604,0.2280172913640542,0.228026062459974,,,,
PS16cqa,15:39:06.96,9:17:40.56,0.04521,2MFGC12594,15:39:06.91,9:17:46.18,5.559063588,0.011867199861613,10.16036585,0.0004984591522348,-0.216446501,0.0058708763561934,11.196,0.001,4.218544771,0.94005008,0.09565699,0.19032779,0.12451402,0.0405682,0.17430041,0.04530984,0.1029688699999999,1.7063175899999998,2.32364792,0.2055337,0.13924778,0.20594163,0.09872033,0.36721317,0.94610085,0.0174871399999999,0.07258316,0.15960411,0.11709889,-0.033,0.035,2.149,0.083,2.117,0.082,0.637,0.477,9.0293,0.0334,8.425,0.1989,10.862,0.082,5.648,5.044,-0.0319,0.124,-10.894,0.149,0.17268,0.058588,-2.74165,0.34485,0.6345096950854057,0.1009284950854052,0.272428495085407,0.2959765311388725,0.3017195067094602,0.3025205129061499,0.0,0.0,0.0,0.0
PSNJ1204051,12:04:05.04,14:04:05.16,0.04545,CGCG069-037,12:04:05.41,14:03:55.99,,,,,,,,,,,,,,,,,,,,,,,,,,,,,,0.012,0.038,3.224,0.104,3.236,0.103,2.011,0.24,9.2482,0.0423,9.2029,0.0922,10.505,0.083,5.874,5.829,0.2636,0.1143,-10.242,0.141,0.035848,0.036042,1.28783,0.2333,0.0686340836178445,-0.0421362363821558,0.028063763617844,0.1891093182156818,0.192513272269732,0.1925158694757395,,,,
SN2016esh,16:04:14.40,16:41:24.72,0.04583,2MiJ1604144+164124,16:04:14.37,16:41:24.85,0.183731578,0.0007886201880411,7.872992143,0.0004910885208028,-1.749024209,0.0231329541407643,9.776,0.007,1.969114747,3.1942719000000004,0.6173471700000001,1.1674104,0.59416168,-3.11e-16,-0.02417239,0.37570151,0.56868556,1.02244399,0.51324311,0.54609378,0.52191966,0.0450653699999999,0.5934425,-1.14e-15,1.01686499,-2.19e-15,-0.25816046,0.01317989,0.7143008900000001,-0.03,0.06,1.976,0.482,1.946,0.481,2.603,99.0,7.9078,0.2029,8.219,99.0,9.862,0.115,5.074,0.0,-0.1614,0.2338,-10.024,0.261,-0.11222,0.040234,-1.2223,0.27035,-0.5781580124772674,-0.2313982124772664,-0.2867982124772652,0.1741239479365202,0.1787118462805418,0.1787230371300801,-0.1520855971466511,0.1879168055911401,-0.2228053757473661,0.186678866651587
PS17tn,9:43:13.68,41:19:02.28,0.0459,LEDA2179170,9:43:13.22,41:18:58.61,,,,,,,,,,,,,,,,,,,,,,,,,,,,,,,,,,,,,,,,,,,,,,,,,,0.043621,0.035116,-0.608838,0.17911,-0.0010306621644815,-0.1358195521644845,-0.0670195521644814,0.1890133363363548,0.1922476911928983,0.1922502919867743,,,,
AT2016ews,15:02:36.48,23:21:10.08,0.04631,IC4526,15:02:38.19,23:21:01.95,0.653370768,0.0211806920289901,9.675767232,0.0166534005167581,-0.342667478,0.0170558641155904,10.66,0.005,9.838050328,6.99441262,0.13104611,-0.3876643099999999,-0.11642338,0.34598112,-0.47632655,0.10674383,0.03775538,0.98799638,0.3521743499999999,0.55691263,0.33161376,0.92402072,0.33851235,1.32831461,1.4360381599999998,0.44281532,0.37739108,3.29786691,0.15294936,0.147,0.036,3.617,0.041,3.764,0.04,2.237,0.049,9.8,0.0133,9.8229,0.016,10.723,0.082,6.539,6.562,0.6814,0.1155,-10.042,0.142,-0.15924,0.036857,1.0445,0.22071,-0.3386092811131433,0.1534423188868601,0.0713423188868631,0.1501049847273567,0.1545637243631247,0.1545766634683256,0.2332509798014754,0.1650245246000841,0.1359448783137622,0.1635693716726094
AT2017yk,9:44:31.92,-12:18:29.52,0.04691,2MXJ09443215-1218233,9:44:32.14,-12:18:23.62,2.238855736,0.1432670040073856,10.03388548,0.0084230243293719,-0.229648194,0.0097682602462914,10.625,0.003,4.193414327,3.13653499,0.14758056,0.55264158,0.14128464,0.34503484,0.18145607,1.95e-15,0.02597888,1.94577039,2.71030828,0.24878671,0.16758646,0.55883724,0.17163457,0.33852804,0.7301769199999999,0.08075494,0.0930318,1.73156121,0.16190031,0.019,0.04,2.838,0.086,2.857,0.085,2.105,0.355,8.9653,0.0342,8.99,0.1464,10.416,0.083,5.895,5.92,-0.0547,0.1185,-10.471,0.145,0.15152,0.04244,-0.599325,0.5657,0.5966680326853222,0.128471232685321,0.2612712326853241,0.2747813599500519,0.2780394744923821,0.2780682458965784,0.0,0.0,0.0,0.0
2016afk,10:22:30.00,15:05:47.76,0.04738,2MiJ1022298+150547,10:22:29.91,15:05:46.61,,,,,,,,,,,,,,,,,,,,,,,,,,,,,,0.145,0.035,3.874,0.07,4.019,0.07,1.858,0.309,9.0375,0.0277,8.9299,0.1279,9.848,0.083,6.395,6.287,0.0731,0.1202,-9.775,0.146,0.03245,0.037705,-0.290903,0.22075,0.1370752220075317,0.0368047220075311,0.04490472200753,0.2227570442971444,0.2259255802449116,0.2259454974302431,,,,
PS16fa,10:19:16.56,4:45:42.12,0.0476,CGCG036-091,10:19:17.59,4:45:47.04,,,,,,,,,,,,,,,,,,,,,,,,,,,,,,0.153,0.036,3.816,0.072,3.969,0.071,1.945,0.089,9.9397,0.0282,9.785,0.0251,10.701,0.083,6.59,6.436,0.8328,0.1283,-9.868,0.153,-0.002868,0.032797,-0.651798,0.11284,0.0184470231287718,0.0273091431287753,0.071209143128776,0.1536493953128355,0.1571107249330866,0.1571139073697806,,,,
PS15aii,12:44:45.60,9:45:34.92,0.04777,CGCG071-025,12:44:45.60,9:45:26.32,0.371560055,0.0066462228186512,9.192282721,0.0154292771629084,-0.36423264,0.0286521093012637,10.875,0.012,3.847163693,14.27518363,0.14566247,2.56774406,0.12899174,1.24102062,0.13524756,0.3627396799999999,0.14933314,3.20071467,0.58566637,0.7149599900000001,0.12192302,1.85165594,0.17698531,2.91e-07,-1.38e-07,0.30445446,0.08368465,5.235789779999999,0.15983383,0.167,0.035,3.8,0.042,3.968,0.041,2.084,0.06,9.8989,0.014,9.8471,0.0212,10.698,0.082,6.695,6.643,0.8517,0.1239,-9.846,0.149,-0.060972,0.033404,0.34871,0.14261,-0.1462954160513945,0.0421080639486035,0.0569080639486045,0.1362424659201381,0.1402777128983788,0.1402812772111802,0.0900535814872188,0.1530727186608151,0.0823455096425036,0.1514300803233154
PS17akj,13:49:49.20,-3:04:48.00,0.04777,LCRSB134713.8-024957,13:49:49.07,-3:04:48.52,,,,,,,,,,,,,,,,,,,,,,,,,,,,,,0.099,0.15,3.789,0.244,3.888,0.2,2.84,0.485,8.3927,0.0832,8.6857,0.188,9.279,0.105,5.892,6.185,-0.2309,0.1345,-9.51,0.17,-0.060006,0.03815,1.35352,0.24805,-0.1415104760513941,0.0439080639486064,0.0250080639486043,0.2017065252018387,0.2052825974333917,0.2052850330857074,,,,
ATLAS16agv,16:41:09.60,50:58:20.64,0.04819,nan,,,,,,,,,,,,,,,,,,,,,,,,,,,,,,,,,,,,,,,,,,,,,,,,,,,,-0.094154,0.033949,1.32221,0.2059,-0.310077395095,-0.0191415350950023,-0.0597415350950001,0.157803868770699,0.1614143599559841,0.1614174575440959,,,,
ASASSN-15pm,1:38:36.10,-4:40:47.28,0.04837,2MXJ01383676-0440581,1:38:36.72,-4:40:57.71,1.001259966,0.065084588821413,9.624565899,0.0154180073413998,0.007230534,0.0037634060871293,10.667,0.097,3.78363344,4.85363096,0.0948167999999999,0.94259311,0.08419225,0.94749866,0.34994609,0.1031746499999999,0.11726373,-0.3836679199999999,-0.15341963,0.36065066,0.08543644,0.69783605,0.09331553,2.6113043000000005,-0.59336946,0.2097961099999999,70.61996999,2.25865076,0.08932823,0.148,0.036,3.371,0.049,3.519,0.048,2.56,0.073,9.5502,0.0174,9.7287,0.0254,10.603,0.082,6.187,6.366,0.5036,0.1085,-10.099,0.136,-0.058198,0.034851,-0.070478,0.17495,-0.3839438271363065,-0.2041120071363096,-0.1922120071363124,0.1458461877732839,0.1499523347234047,0.1499556690792315,0.0,0.0,0.0,0.0
AT2016gmg,21:23:41.76,33:06:52.92,0.04865,2MXJ21234100+3307075,21:23:41.01,33:07:07.92,,,,,,,,,,,,,,,,,,,,,,,,,,,,,,,,,,,,,,,,,,,,,,,,,,-0.048298,0.047876,-1.82133,0.27784,-0.1124137266894749,0.0368270933105279,0.0623270933105288,0.1708147501622737,0.1773972667461367,0.177400085256462,,,,
PS16el,10:51:12.48,19:21:45.00,0.0494,2MXJ10511252+1921474,10:51:12.52,19:21:48.23,,,,,,,,,,,,,,,,,,,,,,,,,,,,,,0.114,0.036,3.662,0.056,3.776,0.056,2.203,0.171,9.3155,0.0211,9.3521,0.0694,10.271,0.082,6.346,6.383,0.2443,0.1104,-10.026,0.138,-0.040141,0.03829,-1.31125,0.15007,-0.2659722991226374,-0.1419366091226379,-0.1439366091226404,0.1685049905166016,0.1728006247934306,0.1728266644039628,,,,
PS15asb,14:20:20.40,-9:18:03.24,0.04989,nan,,,,,,,,,,,,,,,,,,,,,,,,,,,,,,,,,,,,,,,,,,,,,,,,,,,,0.00342,0.040271,-1.52138,0.24469,-0.2150477762938294,-0.2256155762938263,-0.1638155762938282,0.1770330042223765,0.181555605875996,0.1815583598323139,,,,
PS16dnp,22:59:39.60,2:08:59.28,0.05023,2MXJ22593744+0209095,22:59:39.63,2:08:59.09,,,,,,,,,,,,,,,,,,,,,,,,,,,,,,1.081,99.0,4.775,99.0,5.852,99.0,3.101,99.0,8.0167,99.0,8.3982,99.0,8.112,0.955,0.0,0.0,0.0,99.0,0.0,0.0,-0.094383,0.037287,0.80899,0.24012,-0.0450248650287221,0.2466186049712746,0.2078186049712727,0.1542517296985677,0.1586944122645784,0.1586975629428505,0.0,0.0,0.0,0.0
ASASSN-17eb,15:38:34.08,13:20:52.08,0.05044,2MXJ15383353+1320423,15:38:33.50,13:20:42.69,5.317568625,0.0104212631521571,10.12049594,0.0006591803767466,-0.175601594,0.0045799248627779,11.026,0.0,-9871851.119,0.16078253,-0.05985998,-3.74e-13,-1.9e-06,-3.28e-13,-4.95e-06,3.82e-13,-4.62e-07,7.249999999999999e-13,-13.01118456,0.03674668,-0.12798505,0.02120178,-0.07637908,0.04305548,-1.48970897,0.05696904,-0.05031649,0.44740925,-0.08874245,-0.017,0.039,1.129,0.053,1.112,0.051,1.418,0.276,8.5113,0.0268,8.5349,0.1159,11.112,0.083,4.703,4.726,-0.4614,0.1121,-11.574,0.139,0.044908,0.040031,-1.50448,0.18454,-0.1464946435541776,-0.2852603635541797,-0.1977603635541811,0.1941579917567134,0.1982417885411651,0.1982518769747212,0.0,0.0,0.0,0.0
PS15brr,23:53:25.44,-15:39:16.20,0.05049,GAJ235326.18-153921.5,23:53:26.22,-15:39:21.92,1.166699238,0.2222154105062421,9.578873622,0.0440156059742876,-0.153263887,0.0679254637282289,10.156,0.013,4.020127569,6.60363405,0.13405633,1.15431117,0.1083532,0.45681696,0.820692,-0.24687759,-0.26783025,11.30968203,1.94302031,1.23688956,0.30658265,1.5159415200000002,0.97667418,-0.4975200099999999,-0.35359816,0.1857794,0.15364667,1.34721812,0.14799991,-0.007,0.065,2.484,0.251,2.477,0.246,3.15,0.441,8.3772,0.1036,8.8514,0.1555,10.027,0.087,5.51,5.984,-0.4259,0.1319,-10.453,0.158,-0.07921,0.041645,0.69604,0.26825,-0.3334467771210114,-0.0886878771210106,-0.1159878771210074,0.1824087438255085,0.1871022604059074,0.1871049327222561,-0.1575114895663952,0.2101011664850824,-0.2340791536991082,0.2084027259849782
AT2016cor,15:44:31.20,16:18:12.60,0.05066,SDSSJ154431.47+161814.0,15:44:31.48,16:18:14.04,0.685035009,0.0368924191862456,9.532738884,0.0250612634698094,-0.532148173,0.0131607627013102,10.289,0.014,4.617205126,13.67777277,0.60954617,7.4677591,1.73394406,5.965769760000001,4.624625829999999,8.37066619,11.55760289,8.32058122,1.39914711,6.75363732,1.6102718699999998,10.21599197,2.6656046300000003,5.90744453,2.6321725,7.7356005,5.12206751,9.93404369,1.19444144,0.027,0.043,2.875,0.141,2.902,0.139,2.079,0.524,8.7221,0.0579,8.6797,0.2147,10.094,0.083,5.592,5.549,-0.2113,0.1286,-10.305,0.153,0.13877,0.035495,-0.547169,0.28855,0.5705538225907887,0.1417545225907872,0.1826545225907878,0.2978286881329601,0.299936364084117,0.3001380057573515,0.1159739618094025,0.3106626172470367,0.1174703303496869,0.30966796762393
PS16fbb,0:07:03.14,-20:41:48.48,0.05106,GAJ000703.01-204149.5,0:07:02.88,-20:41:50.04,0.375630535,0.026552125597513,9.175918619,0.0921062016545628,-0.892256277,0.2364979405681742,9.505,0.014,3.31544575,19.57898385,0.966152,1.7776054539260011,0.328260692789646,5.85824358,0.76942458,8.892176339999999,5.7063366,11.460953709999998,0.70027289,9.53831702,0.8361252800000001,10.99992906,40.99954756,4.5891123700000005,1.03293577,8.87216353,-33.13333331,9.30911479,3.4113744,-0.071,0.153,2.579,99.0,2.508,99.0,3.296,99.0,7.8826,99.0,8.4042,99.0,9.473,0.158,0.0,0.0,0.0,99.0,0.0,0.0,-0.114949,0.038673,0.64076,0.25359,-0.1103240533848364,0.2448683566151643,0.1930683566151643,0.1593440423486237,0.1639698897999263,0.1639729391119156,0.1738664319777796,0.1883531709052223,0.0722995713010634,0.1854759534419794
ASASSN-16hc,13:59:04.32,33:08:20.40,0.05151,2MXJ13590394+3308172,13:59:03.95,33:08:17.63,,,,,,,,,,,,,,,,,,,,,,,,,,,,,,,,,,,,,,,,,,,,,,,,,,-0.078777,0.034222,1.2185,0.27674,-0.3616898860658963,-0.1182689560658971,-0.1208689560658982,0.1482104038082347,0.1521100558181476,0.1521133428762907,,,,
AT2016htn,2:11:29.06,-16:30:36.72,0.05222,2MXJ02112819-1630409,2:11:28.20,-16:30:40.58,1.498755351,0.0848871650276524,9.692000012,0.0225517437639213,-0.147163613,0.0303445072032071,10.74,0.001,3.482179147,2.62669822,0.0767581,0.6266619499999999,0.07547386,0.29918767,0.10031592,0.02201794,0.07350973,2.01379542,0.69072389,0.31493114,0.08233001,0.41413664,0.24171316,0.08665465,0.30815402,0.14856357,0.04688816,1.12409921,0.0928431899999999,0.053,0.037,3.093,0.077,3.146,0.076,2.636,0.147,9.3051,0.0307,9.5252,0.0543,10.599,0.082,5.803,6.023,0.2963,0.11,-10.303,0.137,0.077106,0.037473,-0.150879,0.35045,0.2413843281689622,0.0031267881689629,0.1032267881689605,0.2115684415384298,0.2148614232104032,0.2148823659214501,0.0681639429075782,0.2229551704189785,0.1496727045878596,0.2219306828090615
PS16evk,22:33:22.56,-1:21:25.20,0.05262,2MXJ22332338-0121266,22:33:23.35,-1:21:26.83,3.760682044,0.0859411596534685,10.02385129,0.0058976966385696,-0.294507321,0.0166064730180344,10.308,0.001,8.04449067,1.40656392,0.18673199,0.13790627,0.16653746,0.2145128899999999,0.30479189,2.8500000000000005e-14,-0.2090339,2.42e-16,-1.4059478,0.21650649,0.25062814,0.15983881,0.33000505,0.13020797,1.23406238,-7.310000000000001e-15,-0.01241175,0.71489815,0.21107807,-0.004,0.05,2.128,0.203,2.124,0.202,1.939,99.0,8.3658,0.085,8.3742,99.0,10.198,0.085,5.514,0.0,-0.5384,0.1574,-10.736,0.179,-0.030061,0.042688,1.53705,0.34236,0.0731617786922598,0.1660502686922598,0.1593502686922576,0.1994385611685965,0.2039558899002429,0.2039656957064104,0.0,0.0,0.0,0.0
PS16n,5:03:43.99,3:24:45.00,0.05309,2MXJ05034387+0324429,5:03:43.83,3:24:42.66,,,,,,,,,,,,,,,,,,,,,,,,,,,,,,,,,,,,,,,,,,,,,,,,,,-0.060269,0.042756,-0.327907,0.20022,-0.1940026904060019,-0.0077714804059993,0.0001285195939999,0.1512653875577622,0.1571918986748363,0.1571950794681564,,,,
PS16bby,14:20:18.00,-22:11:20.40,0.05468,2MXJ14201699-2211186,14:20:16.98,-22:11:18.70,0.741874494,0.022645883726665,9.388983982,0.0178123384406177,-0.637311909,0.0218343499700658,10.908,0.002,2.912790914,10.703596740000002,0.09779687,2.67441298,0.07958963,1.12833376,0.0961558399999999,0.37405146,0.08904432,5.296155420000001,0.40564867,1.02601121,0.09267453,1.89253846,0.22254522,0.15206447,0.1654744299999999,0.20790188,0.06189163,4.62504063,0.11609983,0.08,0.035,3.353,0.041,3.433,0.041,2.511,0.07,9.5685,0.0137,9.7342,0.0264,10.721,0.082,6.325,6.491,0.5161,0.1084,-10.204,0.136,0.002451,0.042113,-0.806099,0.23467,-0.0541829596664626,-0.0617565496664624,-0.0088565496664614,0.169626428173796,0.1747759420057577,0.1747788027879811,-0.0439853789278471,0.1870019094885006,-0.0205084052475623,0.1853745819824207
PS16ayd,14:27:18.24,-1:40:31.08,0.05469,2MXJ14271887-0140428,14:27:18.87,-1:40:42.30,4.444210988,0.0350941163665634,10.00440711,0.0025291453967155,-0.106915924,0.0070029792874673,10.668,0.024,-81848300000000.0,0.1057965699999999,0.10556201,-8.000000000000001e-16,0.07481715,1.14e-16,-0.03127417,-7.2e-15,0.01139809,0.7421696899999999,2.02534712,0.26426437,0.10822784,0.26137272,0.16458171,0.36327253,0.69752985,0.05179024,0.05687679,0.42146174,0.1042258,-0.048,0.037,2.534,0.056,2.486,0.056,1.527,0.297,9.1347,0.0213,8.9385,0.1249,10.82,0.082,5.748,5.552,0.1136,0.1154,-10.707,0.142,-0.131506,0.034098,0.92156,0.20705,-0.3354222922874825,0.0709312477125152,0.016131247712515,0.1405465363927549,0.1446236581476211,0.1446374864825851,0.0,0.0,0.0,0.0
SN2017cpu,14:07:52.56,9:38:31.20,0.05502,2MXJ14075270+0938281,14:07:52.71,9:38:28.58,1.523615798,0.0789105836491029,9.879660642,0.0091432454857098,-0.355726828,0.0076698417637802,10.709,0.001,5.476310961,0.22010114,0.0569120299999999,0.1095957799999999,0.18392951,0.05067604,0.08010062,-0.0540036199999999,0.46275738,2.40988232,4.12774696,0.22346139,-1.46500278,0.19305315,0.12648592,0.11877765,0.21870392,0.09045832,-0.19981758,0.4498120399999999,0.10899603,-0.022,0.036,1.326,0.106,1.304,0.106,1.126,99.0,8.3753,0.0453,8.5237,99.0,10.753,0.082,5.06,0.0,-0.5299,0.1423,-11.283,0.164,-0.060611,0.037778,0.75323,0.34236,-0.4190187328286257,-0.2317307428286241,-0.2122307428286234,0.1669944657915345,0.1712142777019486,0.1712171979942435,0.0,0.0,0.0,0.0
AT2017oz,14:06:41.52,30:19:07.68,0.05614,SDSSJ140641.53+301906.5,14:06:41.53,30:19:06.60,,,,,,,,,,,,,,,,,,,,,,,,,,,,,,,,,,,,,,,,,,,,,,,,,,-0.021953,0.037063,-0.067616,0.32015,-0.1739152916407249,-0.1060805216407274,-0.0900805216407292,0.1856761542471192,0.1893391143556977,0.1893496771188163,,,,
PS16aer,10:54:58.08,14:16:17.76,0.05693,CGCG095-067,10:54:58.85,14:16:18.02,,,,,,,,,,,,,,,,,,,,,,,,,,,,,,0.08,0.036,3.269,0.052,3.349,0.051,1.885,0.137,9.7,0.0194,9.5976,0.0551,10.871,0.082,6.095,5.993,0.645,0.1107,-10.226,0.138,0.031526,0.035407,-0.052972,0.22047,0.1242000978506894,0.0267847578506916,0.1067847578506899,0.1684302239356108,0.1721115800403912,0.1721232000167322,,,,
SN2016gmb,0:34:44.66,-6:09:32.04,0.0583,GAJ003445.02-060936.8,0:34:44.92,-6:09:35.76,0.177864266,0.0360754777198785,7.877126052,0.3240011221216379,-1.581925868,0.1822210867500205,9.64,0.003,3.083452171,6.516874110000001,0.8709704699999999,3.05309562,1.52865167,-0.48597254,-0.09618103,-0.27015503,-4.209818390000001,1.44831344,0.33888112,4.12137238,2.10489364,0.22315575,0.27762484,-0.88198325,22.36895137,0.60453274,,2.33452518,3.46216275,0.105,0.165,2.915,99.0,3.009,99.0,3.961,99.0,8.1235,99.0,8.8926,99.0,9.414,0.164,0.0,0.0,0.0,99.0,0.0,0.0,-0.099359,0.043751,1.1287,0.28748,-0.2932332488797371,0.013786061120264,-0.0317139388797329,0.1733644491901382,0.1787998384898599,0.1788110238324248,0.0,0.0,0.0,0.0
SN2017cjv,10:10:45.60,-3:46:39.00,0.06092,LCRSB100813.8-033156,10:10:45.61,-3:46:44.07,,,,,,,,,,,,,,,,,,,,,,,,,,,,,,-0.094,0.044,-0.446,99.0,-0.54,99.0,2.963,99.0,6.7724,99.0,8.4514,99.0,10.893,0.11,0.0,0.0,0.0,99.0,0.0,0.0,-0.112822,0.040446,-1.26761,0.30792,-0.3644221142354027,-0.0158021342354004,-0.0536021342353976,0.1686509611861135,0.1734330580512262,0.173435940983984,,,,
SN2016hhv,23:35:48.48,20:42:31.68,0.06121,2MXJ23354784+2042265,23:35:47.87,20:42:26.67,5.369493646,0.0323459357704161,10.11863343,0.0017071832623675,-0.153599216,0.0064673023036103,11.496,0.002,6.453346716,2.11066683,0.12109516,0.26297394,0.13217491,2.45e-16,-0.1161068399999999,0.2389142,0.14181079,0.5966446999999999,5.9131338300000005,0.3530866099999999,0.13895922,0.50751596,0.17415113,0.70063265,1.22591962,6.8999999999999985e-15,,0.8793788,0.15599711,0.003,0.036,2.697,0.066,2.7,0.065,0.944,0.297,9.4863,0.026,9.0192,0.1246,11.026,0.082,5.961,5.494,0.362,0.1172,-10.664,0.143,-0.182466,0.053224,-0.771196,0.38634,-0.3893687310477531,0.1744512089522487,0.0419512089522484,0.1867928240190184,0.1942275811541708,0.1942919279872429,0.0,0.0,0.0,0.0
SN2016aqb,11:21:58.32,-13:59:01.32,0.06384,2MiJ1121579-135849,11:21:57.92,-13:58:49.19,,,,,,,,,,,,,,,,,,,,,,,,,,,,,,0.171,0.038,3.708,0.064,3.879,0.064,2.198,0.232,9.3634,0.025,9.3966,0.0969,10.252,0.083,6.15,6.183,0.29,0.1138,-9.962,0.141,-0.102702,0.034024,0.76814,0.26055,-0.4455800467238404,-0.1282308667238396,-0.1719308667238408,0.1472107449475071,0.1510914822351015,0.1511047186688754,,,,
PS16bnz,10:20:36.96,-2:28:00.48,0.06446,UGC05586NED02,10:20:35.13,-2:28:06.10,,,,,,,,,,,,,,,,,,,,,,,,,,,,,,-0.141,0.039,-0.162,0.159,-0.303,0.158,1.597,99.0,6.8215,99.0,8.6691,99.0,11.599,0.083,0.0,0.0,0.0,99.0,0.0,0.0,-0.138069,0.036947,-1.13602,0.22345,-0.4890753415981592,-0.0624421315981607,-0.1349421315981587,0.1449866259039088,0.1496201941584089,0.1496335607408979,,,,
PS15cms,9:58:35.04,0:44:34.80,0.06627,2MXJ09583540+0044336,9:58:35.39,0:44:34.01,0.336262151,0.0105925063910145,9.022136323,0.0269686511778172,-1.15259581,0.0251263656939886,10.694,0.001,4.181258492,19.99812461,0.30659899,2.93121594,0.14104586,1.39824479,0.20161825,0.39219186,0.10237584,4.55790499,0.7711699399999999,1.12669357,0.1189334,3.86104834,0.2297391999999999,1.5097038500000002,2.6569641500000003,0.65785071,0.18197481,9.42294646,0.21080866,0.339,0.036,4.365,0.036,4.704,0.036,2.816,0.041,10.3252,0.0111,10.5971,0.014,10.71,0.083,6.918,7.19,1.5533,0.1679,-9.157,0.187,-0.020643,0.043274,1.37281,0.3396,-0.0259554545576818,0.0378314154423193,0.0853314154423188,0.1949385647967071,0.1996839580962877,0.1996939736722167,0.0662333923729346,0.210000543665733,0.0867465924722179,0.2087470160474143
SN2016ixf,10:39:44.64,15:02:04.92,0.06711,SDSSJ103944.53+150204.7,10:39:44.53,15:02:04.75,,,,,,,,,,,,,,,,,,,,,,,,,,,,,,0.248,0.083,3.58,99.0,3.827,99.0,3.096,99.0,8.2191,99.0,8.6159,99.0,9.051,0.127,0.0,0.0,0.0,99.0,0.0,0.0,-0.114194,0.043204,0.79391,0.35403,-0.1811267916499517,0.1717326683500459,0.1187326683500487,0.1856541008650226,0.1906148755580214,0.1906253676298094,,,,
AT2016aj,4:42:24.60,-21:43:27.84,0.06725,2MXJ04422451-2143312,4:42:24.53,-21:43:31.40,,,,,,,,,,,,,,,,,,,,,,,,,,,,,,-0.019,0.036,1.404,0.153,1.372,0.153,2.331,0.562,8.5218,0.0658,8.838,0.2335,10.841,0.082,5.01,5.326,-0.3771,0.1314,-11.218,0.155,0.013964,0.044254,-1.03989,0.35339,-0.1109515722331551,-0.1541003322331562,-0.0753003322331551,0.1943986324231731,0.1993721264470036,0.1993821576871912,,,,
PS15bjg,22:55:10.32,-0:24:36.72,0.06786,2MXJ22551005-0024333,22:55:10.02,-0:24:33.59,4.497098319,0.0154691717107314,10.08667491,0.0016606761011121,-0.337376202,0.0014158339424182,11.608,0.001,0.70406118,0.12514173,0.17879902,0.14335754,0.16410805,0.0003749999999999,0.23491725,3.89e-15,4.35e-07,0.32416475,3.41722794,0.2194304799999999,0.1534337499999999,9.96e-15,0.07380251,7.6e-05,-7.36e-07,0.0650194,0.13288302,0.000691,-1.93e-07,-0.052,0.038,0.517,0.185,0.465,0.184,1.745,99.0,6.8344,99.0,8.4497,99.0,11.221,0.082,0.0,0.0,0.0,99.0,0.0,0.0,-0.147356,0.047614,-0.875725,0.25676,-0.202842908791311,0.2524871312086887,0.1632871312086905,0.1804322997137707,0.1866089702452698,0.1866330832837522,0.0,0.0,0.0,0.0
CSS160129,7:40:29.52,10:55:59.88,0.06844,nan,,,,,,,,,,,,,,,,,,,,,,,,,,,,,,,,,,,,,,,,,,,,,,,,,,,,-0.166092,0.038661,0.68966,0.19472,-0.5236773346958614,-0.0104530546958585,-0.1114530546958576,0.1832705342246811,0.1873039285119241,0.1873706530809988,,,,
PTSS17-niq,14:20:16.56,15:20:30.12,0.06897,2MXJ14201616+1520386,14:20:16.17,15:20:39.26,5.256305043,0.0228131665053341,10.1472715,0.0008382743815856,-0.273267572,0.0073489178471656,10.776,0.001,4.72493138,0.61091746,0.16748979,0.08885617,0.13069365,4.579999999999999e-16,-0.06496891,0.0937391599999999,0.14692107,0.6482841,2.09622027,0.41998426,0.12274142,0.0245557899999999,-1.66e-07,0.35037486,0.82341782,-1.27e-15,-1.30540148,0.48825588,0.15965484,-0.021,0.036,2.242,0.076,2.221,0.075,1.665,0.382,9.0009,0.0309,8.882,0.1624,10.807,0.082,5.563,5.444,0.0177,0.12,-10.789,0.145,-0.041041,0.040784,-0.597985,0.32918,-0.2389055972008265,-0.1120889072008282,-0.08538890720083,0.1649264647896146,0.1698943007990556,0.1699060724164972,0.0,0.0,0.0,0.0
PS17yt,10:03:58.08,49:02:28.32,0.07073,2MXJ10035883+4902195,10:03:58.87,49:02:19.34,,,,,,,,,,,,,,,,,,,,,,,,,,,,,,,,,,,,,,,,,,,,,,,,,,-0.154333,0.037631,0.40963,0.27097,-0.3413965468899747,0.1354924231100227,0.0542924231100201,0.1677798141612989,0.1719481264829599,0.1719946458498054,,,,
PS16em,10:55:34.08,-3:21:58.68,0.07083,LCRSB105301.1-030602,10:55:33.84,-3:22:02.91,0.799171402,0.0551921713463704,9.678294103,0.0283968631991691,-1.167354798,0.0356158673663511,10.399,0.002,3.852919552,5.29520074,0.1212073999999999,0.96231769,0.09659787,0.46698164,0.10393114,1.88e-09,-2.41e-06,1.68679305,0.32657912,0.19939434,0.08601752,0.21992044,0.12720746,-7.809999999999998e-10,-0.3891756899999999,0.0529183899999999,0.07749196,1.87081152,0.1536589,0.084,0.043,3.151,0.117,3.235,0.116,2.347,0.415,9.2254,0.0488,9.3347,0.1731,10.476,0.083,5.779,5.888,0.1966,0.125,-10.28,0.15,0.19617,0.095695,-0.938437,0.18326,0.4344421931600095,-0.1717231068399911,0.0537768931600055,0.4348946015749104,0.4452986048754251,0.4454344480437048,-0.1019771179733757,0.4492455673976154,0.1060107515279046,0.4487008622417713
ATLAS16bwu,1:14:22.25,-13:09:11.16,0.07091,GAJ011422.73-130915.9,1:14:22.73,-13:09:15.90,0.221267198,0.0530308402036974,8.459174155,0.2809379525465157,-1.239141486,0.059447597321883,10.194,0.017,3.342435536,12.36871864,0.4221403299999999,2.32169208,0.24807811,1.13853788,0.22886199,0.3744566,0.38218467,4.4416765,0.7617956400000001,1.06438859,0.2080978299999999,1.81755187,0.54232406,1.24e-12,-0.6774319,0.07651804,0.25205054,3.32347837,0.55436129,0.166,0.066,3.49,0.148,3.657,0.142,2.759,0.438,8.8536,0.0594,9.12,0.1797,9.871,0.088,5.824,6.09,0.2059,0.13,-9.665,0.157,0.042792,0.03957,0.10725,0.29441,0.0226348817753674,-0.1095923982246347,-0.0589923982246318,0.2214774273283848,0.224984523281047,0.225040075799845,-0.0795167310380193,0.2341390292626332,-0.0555199769217327,0.2330230796420876
PS15bdr,16:54:49.44,36:43:30.72,0.07116,2MXJ16544931+3643391,16:54:49.34,36:43:39.18,,,,,,,,,,,,,,,,,,,,,,,,,,,,,,,,,,,,,,,,,,,,,,,,,,-0.007798,0.044806,-2.30724,0.25964,-0.2128993788048205,-0.1888035588048211,-0.083003558804819,0.1868954970377831,0.19219132251223,0.1922563508677932,,,,
PS15bwh,23:30:34.56,-18:53:29.40,0.07158,nan,,,,,,,,,,,,,,,,,,,,,,,,,,,,,,,,,,,,,,,,,,,,,,,,,,,,-0.081314,0.037564,0.71915,0.21376,-0.4557620234082336,-0.2045017634082313,-0.2022017634082331,0.1518898534629617,0.1564659122013481,0.1564786940161503,,,,
PS15mt,9:54:44.16,23:11:53.16,0.07193,SDSSJ095444.27+231151.6,9:54:44.27,23:11:52.04,,,,,,,,,,,,,,,,,,,,,,,,,,,,,,0.243,0.044,3.433,99.0,3.675,99.0,3.157,99.0,8.3566,99.0,8.7808,99.0,9.253,0.11,0.0,0.0,0.0,99.0,0.0,0.0,-0.075972,0.036821,1.6136,0.30109,-0.1008629760691803,0.1338905039308215,0.0990905039308245,0.1728333385171969,0.17671205093032,0.1767375142520681,,,,
PS15atx,13:03:18.48,-23:03:56.88,0.07252,2MXJ13031865-2303572,13:03:18.69,-23:03:56.73,,,,,,,,,,,,,,,,,,,,,,,,,,,,,,0.007,0.071,2.741,0.128,2.748,0.112,1.873,99.0,9.0591,0.0472,9.1595,99.0,10.582,0.088,5.791,0.0,0.0739,0.1475,-10.509,0.171,-0.180099,0.056028,-1.43738,0.89472,-0.2957231449456898,0.2607827650543086,0.1411827650543102,0.2970430481277082,0.3022808449521735,0.3023618845440013,,,,
Gaia16aki,15:59:10.56,14:38:29.76,0.07393,SDSSJ155910.36+143829.4,15:59:10.38,14:38:29.68,1.042512793,0.0745771330021444,9.696752807,0.0241435208067043,-0.32613011,0.009948363800036,10.179,0.013,3.794777072,8.29123928,0.1334657199999999,1.93634345,0.21115251,0.69620945,0.2981367,0.14036685,0.13354523,6.76315463,4.58695885,0.72458628,0.18351085,1.32911862,0.29795328,6.41e-11,-1.03e-06,0.31808669,0.09240009,3.83367118,0.16699021,0.153,0.047,3.517,0.158,3.669,0.159,2.173,0.486,9.0013,0.0672,9.0283,0.1999,10.013,0.085,5.931,5.958,-0.0165,0.1306,-10.03,0.156,-0.087634,0.039528,0.59125,0.24591,-0.2169947208467064,0.053794339153292,0.028294339153291,0.1677158842835108,0.1723109997214339,0.1723226062506019,0.0504407212679073,0.1978587714540887,-0.0093234024448098,0.2016609517884017
PS17bii,11:25:38.16,7:20:00.96,0.07446,2MXJ11253836+0720042,11:25:38.37,7:20:04.02,,,,,,,,,,,,,,,,,,,,,,,,,,,,,,0.06,0.038,2.706,0.14,2.765,0.139,2.213,0.522,9.1657,0.0595,9.2385,0.2189,10.665,0.083,5.754,5.827,0.1408,0.1315,-10.524,0.155,-0.096392,0.046147,-0.890865,0.37518,-0.3668470025352519,-0.0689957225352486,-0.0913957225352462,0.1825313094019763,0.1882743331444836,0.1882849556417081,,,,
AT2016gsu,1:08:24.58,21:09:05.76,0.07575,SDSSJ010824.54+210906.3,1:08:24.53,21:09:06.52,0.421040067,0.0260098856928316,9.330623872,0.0479136884168434,-0.732008718,0.025682296092524,10.369,0.002,3.785877491,24.39650441,0.74786882,2.67478079,0.3600391,0.78361746,0.3661666899999999,0.23150908,0.24774473,9.81961771,1.2750952,2.2206965800000003,1.18066118,2.93182714,0.52511988,1.3843613499999998,-0.04700935,0.36085401,0.32819252,8.36280597,2.66010146,0.18,0.073,4.212,0.092,4.391,0.071,2.316,0.23,9.4492,0.0276,9.5232,0.096,10.078,0.089,6.179,6.253,0.3769,0.1144,-9.701,0.145,-0.113501,0.047352,-1.91024,0.56839,-0.3398039930618068,0.010914096938194,-0.0345859030618029,0.2083242767706154,0.2136380495042959,0.2137877830840668,0.0,0.0,0.0,0.0
PS15bif,20:20:17.76,-23:44:36.60,0.07845,nan,,,0.174685739,0.0001174378818618,7.936389182,0.0080086359659787,-1.437240371,0.0007213104392311,9.894,0.003,0.298686746,2.27343734,32.82197318,4.49834603,16.245655109999998,2.58e-15,-1.1438197,-5.34e-15,1.5003414300000002,6.8130473700000005,5.65570295,3.84e-14,-9.48385153,11.07503361,60.39304276,1.17865942,1.73992566,-5.1e-14,23.71886473,0.00394044,-4.95e-05,,,,,,,,,,,,,,,,,,,,,-0.025674,0.034789,0.31647,0.29993,-0.1929188954628315,-0.1135862354628329,-0.089186235462833,0.1412113029470375,0.1454335126475325,0.1454644513309007,0.0,0.0,0.0,0.0
Gaia16acv,11:59:49.68,54:48:07.92,0.07859,SDSSJ115949.80+544807.1,11:59:49.81,54:48:07.15,,,,,,,,,,,,,,,,,,,,,,,,,,,,,,,,,,,,,,,,,,,,,,,,,,-0.158189,0.03143,0.56816,0.28287,-0.2402662762850624,0.2485377337149401,0.1667377337149389,0.1373932888499289,0.1409424021400231,0.1409991514903547,,,,
PS15bzz,0:37:41.93,1:45:46.08,0.07931,2MXJ00374156+0146014,0:37:41.55,1:46:01.85,3.294544308,0.1553322619979819,9.911103369,0.0227548713408163,-0.154150643,0.0478010706321822,9.592,0.053,-33836000000000.0,0.2733019,0.33549572,-4.460000000000001e-15,0.06592596,6.05e-16,-0.21891332,-3.8300000000000005e-14,-0.0398137499999999,0.95585943,0.73040041,5.93e-16,0.38729549,0.3622312099999999,0.15263496,0.08055802,0.5228419799999999,-2.1300000000000003e-15,-0.03420226,0.20695192,0.33294996,-0.001,0.045,1.02,0.45,1.02,0.449,2.741,99.0,8.0313,0.1969,8.7158,99.0,10.685,0.11,4.519,0.0,-0.8336,0.2274,-11.519,0.253,-0.017322,0.032914,-0.914595,0.23732,-0.2619407139432752,-0.2084157339432764,-0.1556157339432786,0.1383023752652137,0.142164968962118,0.1421790364294258,-0.128144300948661,0.1537415136525716,-0.0904443505013795,0.1523219530671017
SN2016glp,23:36:13.92,23:41:45.60,0.0841,GAJ233613.95+234146.7,23:36:13.97,23:41:45.27,,,,,,,,,,,,,,,,,,,,,,,,,,,,,,,,,,,,,,,,,,,,,,,,,,0.13583,0.043539,0.96912,0.35372,0.4036002806089414,-0.0161144193910587,0.1486855806089408,0.213703717159997,0.2180938404655207,0.2182794613540174,,,,
SN2016grz,1:55:32.98,33:49:22.44,0.08704,SDSSJ015533.01+334921.3,1:55:33.02,33:49:21.37,,,,,,,,,,,,,,,,,,,,,,,,,,,,,,,,,,,,,,,,,,,,,,,,,,0.0535,0.038526,0.81158,0.42443,0.071439209080772,-0.0938757909192276,-0.0503757909192259,0.2097980510109662,0.2133060591825745,0.2134208867098063,,,,
iPTF17dz,8:24:25.68,24:59:52.08,0.09293,SDSSJ082425.68+245951.5,8:24:25.68,24:59:51.78,,,,,,,,,,,,,,,,,,,,,,,,,,,,,,0.35,0.752,5.269,99.0,5.617,99.0,3.276,99.0,8.5287,99.0,8.9811,99.0,8.725,0.325,0.0,0.0,0.0,99.0,0.0,0.0,0.11392,0.084127,1.72317,1.05757,0.4820978881438975,0.1300850881439004,0.173185088143903,0.4841085680712541,0.4913638751566908,0.4918124213650973,,,,
